Unnamed: 0,UserId,TransactionId,TransactionTime,ItemCode,PRODUCT_NAME,NumberOfItemsPurchased,PRICE_RETAIL,Country
901663,-1,6228431,Wed Nov 21 12:13:00 IST 2018,14066311,Golden State Warriors Showtime,6,119.95,United Kingdom
232878,364140,6156436,Sat Sep 22 10:40:00 IST 2018,13600190,Tottenham Hotspur 2021/22 Stadium Home/Away,15,16.95,United Kingdom
839093,-1,6309435,Sat Jan 12 10:41:00 IST 2019,13706610,Nike Sportswear,6,59.95,United Kingdom
1002846,267708,6074684,Wed Jul 18 15:39:00 IST 2018,12880220,Greece 2020 Stadium Home,3,54.95,United Kingdom
287162,285516,6368131,Fri Feb 08 07:57:00 IST 2019,13108705,Nike Pro,3,16.95,United Kingdom
212680,261093,6228145,Wed Nov 21 09:44:00 IST 2018,12474484,Nike Sportswear,15,17.95,Norway
70076,361851,6188061,Wed Oct 17 12:19:00 IST 2018,13422640,Nike Sportswear Therma-FIT City Series,15,224.95,United Kingdom
739807,339003,5978918,Mon Apr 23 09:57:00 IST 2018,13807777,Nike Standard Issue,15,64.95,United Kingdom
498500,303576,6348166,Tue Jan 29 13:18:00 IST 2019,13937086,Nike Ace Summerlite,6,89.95,United Kingdom
140777,296016,6285851,Sat Dec 29 09:31:00 IST 2018,14064821,F.C. Barcelona 2022/23 Stadium Third,6,37.95,United Kingdom
666188,382410,6393761,Tue Feb 19 07:02:00 IST 2019,14094460,Nike Dri-FIT A.I.R. Hola Lou,15,32.95,United Kingdom
192502,339381,5972054,Sun Apr 15 12:03:00 IST 2018,12970974,Nike Squad,15,6.95,United Kingdom
684118,-1,5902512,Mon Feb 12 13:06:00 IST 2018,13840134,Nike Waffle One,3,39.95,United Kingdom
158540,301707,6380638,Tue Feb 12 09:19:00 IST 2019,14084419,Nike Sportswear Phoenix Fleece,15,54.95,United Kingdom
690708,314118,6162310,Wed Sep 26 10:20:00 IST 2018,13914032,Naomi Osaka Collection,6,54.95,United Kingdom
20010,259812,5985727,Mon Apr 30 08:46:00 IST 2018,14036873,Nike Sportswear,12,22.95,Denmark
1058847,261051,6082516,Tue Jul 24 08:34:00 IST 2018,12873730,Nike Dri-FIT Park 4 Goalkeeper JBY,6,32.95,Australia
66422,354039,6209368,Tue Nov 06 10:12:00 IST 2018,11504243,Nike Lean,-12,18.95,United Kingdom
771469,317856,6348012,Tue Jan 29 12:35:00 IST 2019,13923345,Jordan (Her)itage,15,32.95,United Kingdom
440288,321531,5909145,Fri Feb 16 09:55:00 IST 2018,12896858,Nike x Gyakusou,15,89.95,United Kingdom
107351,-1,6132500,Sat Sep 01 11:27:00 IST 2018,13890972,F.C. Barcelona 2022/23 Away,3,49.95,United Kingdom
180929,296016,6339729,Sat Jan 26 11:27:00 IST 2019,13728286,Chicago Bulls City Edition,3,94.95,United Kingdom
96235,351246,5988466,Wed May 02 09:26:00 IST 2018,13719378,Jordan Essentials,6,99.95,United Kingdom
975521,374661,6390516,Sun Feb 17 10:23:00 IST 2019,13904138,Nike Dri-FIT (M),6,22.95,United Kingdom
585864,374661,6348914,Wed Jan 30 06:58:00 IST 2019,14036640,Jordan 23 Engineered,3,72.95,United Kingdom
107886,-1,6052288,Wed Jun 27 06:39:00 IST 2018,13943069,Jordan Delta 3 SP,3,139.95,United Kingdom
452411,296016,6339729,Sat Jan 26 11:27:00 IST 2019,14045085,Nike Sportswear,9,59.95,United Kingdom
479032,305067,5947040,Sat Mar 24 08:36:00 IST 2018,14065400,Tottenham Hotspur Club Fleece,3,44.95,United Kingdom
898636,308931,6228134,Wed Nov 21 09:42:00 IST 2018,14084059,Air Jordan 1 Elevate Low,3,124.95,United Kingdom
611223,339927,5996771,Sat May 12 09:34:00 IST 2018,13928728,Paris Saint-Germain,15,72.95,United Kingdom
245435,323904,6031553,Mon Jun 11 09:00:00 IST 2018,13998528,Chicago Bulls Courtside Statement Edition,15,54.95,United Kingdom
10947,-1,6226660,Tue Nov 20 11:27:00 IST 2018,14079402,Nike Mercurial Superfly 9 Club IC,3,64.95,United Kingdom
200131,350889,6043763,Wed Jun 20 08:28:00 IST 2018,14055511,Milwaukee Bucks,12,59.95,United Kingdom
38729,281967,6193198,Tue Oct 23 08:53:00 IST 2018,13975256,Nike Air Max Motif,15,59.95,United Kingdom
1083169,329847,6304034,Tue Jan 08 10:39:00 IST 2019,13917617,Jordan Sport DNA,3,72.95,United Kingdom
576310,-1,6358737,Sun Feb 03 11:43:00 IST 2019,13811014,Nike One,9,37.95,United Kingdom
122162,303429,6041761,Tue Jun 19 08:16:00 IST 2018,13821903,NikeCourt Victory,3,44.95,United Kingdom
306127,288435,6303913,Tue Jan 08 10:22:00 IST 2019,14079184,Nike Essential,3,74.95,United Kingdom
1047364,-1,6190635,Sun Oct 21 09:32:00 IST 2018,13458227,Nike Legend Sideline (NFL Las Vegas Raiders),-1365,28.95,United Kingdom
31878,-1,6217563,Wed Nov 14 05:34:00 IST 2018,14096643,Nike Air Zoom Crossover,3,54.95,United Kingdom
719267,373128,6321799,Fri Jan 18 10:14:00 IST 2019,13426137,Nike Dri-FIT UV One Luxe,15,39.95,United Kingdom
935320,-1,5958656,Tue Apr 03 14:08:00 IST 2018,12944268,Nike x sacai,9,69.95,United Kingdom
981630,315819,6227353,Wed Nov 21 07:15:00 IST 2018,12879561,Turkey 2020 Stadium Away,15,69.95,United Kingdom
988485,318612,6380264,Tue Feb 12 07:51:00 IST 2019,14105890,Nike Sportswear Trend,15,22.95,United Kingdom
49830,374661,6195376,Fri Oct 26 09:14:00 IST 2018,14095839,Nike Air Max 270,15,89.95,United Kingdom
188629,338814,6348760,Wed Jan 30 06:05:00 IST 2019,13844060,Nike Air Max Dawn,15,47.95,United Kingdom
459895,-1,6168547,Tue Oct 02 05:30:00 IST 2018,13008090,Greece,3,27.95,United Kingdom
403340,-1,6092790,Tue Jul 31 12:32:00 IST 2018,13976272,Nike Flex Runner 2,3,34.95,United Kingdom
10280,368991,5983703,Sat Apr 28 11:15:00 IST 2018,13153820,Nike SB Zoom Blazer Mid,3,79.95,United Kingdom
974985,317268,6168613,Tue Oct 02 06:24:00 IST 2018,14078238,Nike Dri-FIT Swoosh,15,37.95,European Community
1010965,361620,6031388,Mon Jun 11 08:00:00 IST 2018,14041154,Nike Air,3,49.95,United Kingdom
316764,-1,6225208,Tue Nov 20 06:09:00 IST 2018,14096093,Nike Force 1 LV8 2,15,54.95,EIRE
126331,302295,6042179,Tue Jun 19 14:09:00 IST 2018,13886810,Nike Sportswear Essential,12,37.95,United Kingdom
370044,347823,6284960,Sat Dec 29 07:51:00 IST 2018,13082218,Nike Yoga Dri-FIT,15,59.95,United Kingdom
111717,-1,5935545,Sat Mar 03 09:43:00 IST 2018,13357289,Nike Dri-FIT ADV Tiger Woods,3,64.95,United Kingdom
298797,352989,6345372,Mon Jan 28 11:45:00 IST 2019,14077946,Nike Dri-FIT Swoosh Fly,9,44.95,United Kingdom
955078,353703,6266645,Mon Dec 17 11:35:00 IST 2018,13705832,Jordan Why Not .5?,15,124.95,United Kingdom
765009,-1,5952144,Tue Mar 27 10:29:00 IST 2018,13816552,Nike Air,3,64.95,United Kingdom
242508,348054,6258010,Tue Dec 11 09:39:00 IST 2018,14038944,Nike Club Fleece+,6,54.95,United Kingdom
548587,321531,6055423,Sat Jun 30 10:50:00 IST 2018,13697314,Nike Lil' Penny,9,72.95,United Kingdom
511941,281862,6268306,Tue Dec 18 09:42:00 IST 2018,13625242,Nike Therma-FIT Repel,15,99.95,United Kingdom
583629,-1,6126252,Mon Aug 27 11:41:00 IST 2018,13162437,Paris Saint-Germain 2021/22 Stadium Home,3,32.95,United Kingdom
517305,285747,6307565,Fri Jan 11 12:17:00 IST 2019,12862383,Nike F.C.,12,54.95,United Kingdom
831481,265188,6387128,Sat Feb 16 09:15:00 IST 2019,13523217,Nike Sportswear,3,49.95,Germany
434959,313131,6368934,Fri Feb 08 11:44:00 IST 2019,13917561,Jordan Sport DNA,15,44.95,EIRE
927988,362964,6274884,Sat Dec 22 10:38:00 IST 2018,14096041,Nike Dynamo Go,15,44.95,United Kingdom
465549,260988,5997486,Sun May 13 05:33:00 IST 2018,13243890,Nike Mastery,15,95.95,Finland
740994,364140,5916372,Mon Feb 19 11:56:00 IST 2018,13976264,Nike Air VaporMax 2021 FK,15,129.95,United Kingdom
604600,264915,6256778,Tue Dec 11 06:23:00 IST 2018,12860960,Korea,15,54.95,France
39415,264873,6021213,Sun Jun 03 11:42:00 IST 2018,14101913,Brooklyn Nets Courtside Icon Edition,15,29.95,Germany
140536,-1,5916053,Mon Feb 19 10:25:00 IST 2018,13928735,Paris Saint-Germain,3,64.95,United Kingdom
322220,-1,6021378,Sun Jun 03 12:55:00 IST 2018,14021487,Kyrie Infinity By You,3,144.95,United Kingdom
516403,-1,6074519,Wed Jul 18 11:40:00 IST 2018,13906355,Jordan x Maison Château Rouge,12,164.95,United Kingdom
663079,-1,5963265,Sun Apr 08 10:01:00 IST 2018,14081153,PG 6,3,109.95,United Kingdom
521889,377160,6133842,Sun Sep 02 10:15:00 IST 2018,13306868,Tottenham Hotspur Strike Elite,3,84.95,United Kingdom
373069,365988,6027857,Sun Jun 10 05:11:00 IST 2018,12857963,Nike AeroSwift,15,64.95,United Kingdom
882769,-1,5933961,Wed Feb 28 12:59:00 IST 2018,13307215,Galatasaray 2021/22 Stadium Home/Away,3,34.95,United Kingdom
741789,350973,6048119,Sun Jun 24 08:56:00 IST 2018,12865336,Nike Venture Runner,15,59.95,United Kingdom
350787,-1,6163223,Sat Sep 29 06:20:00 IST 2018,14084566,Nike Sportswear Club Fleece,3,37.95,United Kingdom
591526,295176,5997068,Sat May 12 11:19:00 IST 2018,13762770,Los Angeles Lakers,6,44.95,United Kingdom
972339,-1,6298050,Sat Jan 05 13:06:00 IST 2019,13977758,Nike Dri-FIT,3,49.95,United Kingdom
628827,277452,6352566,Fri Feb 01 08:40:00 IST 2019,13702547,Nike Sportswear Swoosh,6,54.95,United Kingdom
969646,339003,6206090,Sun Nov 04 12:01:00 IST 2018,14078680,Nike Air,15,69.95,United Kingdom
815617,360444,6010334,Wed May 23 10:26:00 IST 2018,14028097,Nike React Infinity Run Flyknit 3 By You,15,169.95,United Kingdom
912028,-1,6084782,Wed Jul 25 11:53:00 IST 2018,13817987,Paris Saint-Germain 2022/23 Stadium Fourth,3,69.95,United Kingdom
280690,264117,5929550,Mon Feb 26 12:21:00 IST 2018,13917881,Nike Sportswear,3,32.95,France
97773,364098,6090810,Mon Jul 30 11:35:00 IST 2018,13923357,Jordan Essentials,9,37.95,United Kingdom
997143,367899,6022643,Mon Jun 04 09:59:00 IST 2018,13161972,RB Leipzig 2021/22 Stadium Away,15,54.95,United Kingdom
934682,-1,6164741,Sat Sep 29 11:23:00 IST 2018,13460999,Nike ESC,3,359.95,United Kingdom
811644,354669,6045006,Fri Jun 22 07:24:00 IST 2018,13920402,Nike Multiplier,3,11.95,United Kingdom
774502,310149,6095078,Fri Aug 03 09:01:00 IST 2018,14067457,Liverpool F.C. Strike,12,49.95,United Kingdom
320551,-1,6279207,Mon Dec 24 09:55:00 IST 2018,14096145,Nike Force 1 Toggle SE,15,54.95,United Kingdom
922363,336609,6141982,Sun Sep 09 11:14:00 IST 2018,14054064,Los Angeles Lakers,15,64.95,United Kingdom
138930,-1,6146547,Sat Sep 15 06:23:00 IST 2018,13458226,Nike Legend Sideline (NFL New England Patriots),12,28.95,United Kingdom
174559,347613,6090436,Mon Jul 30 08:57:00 IST 2018,14079614,Nike ZoomX Vaporfly Next% 2,15,224.95,United Kingdom
384668,267708,5942827,Mon Mar 19 13:33:00 IST 2018,13913662,Nike Tempo Luxe,12,37.95,United Kingdom
311228,333207,6104604,Wed Aug 08 11:57:00 IST 2018,14079520,Nike Zoom Mercurial Vapor 15 Elite SG-Pro Anti-Clog Traction,3,244.95,United Kingdom
305202,-1,6309435,Sat Jan 12 10:41:00 IST 2019,13381350,Jordan Essentials,15,79.95,United Kingdom
157102,361263,6317894,Wed Jan 16 06:47:00 IST 2019,13818976,Nike Force Swoosh,15,32.95,United Kingdom
981737,316239,5945665,Fri Mar 23 07:54:00 IST 2018,14084457,Nike Sportswear Phoenix Fleece,6,44.95,United Kingdom
615664,383229,6358638,Sun Feb 03 11:07:00 IST 2019,13426752,Nike Dri-FIT Get Fit,15,49.95,United Kingdom
931971,-1,5927691,Sun Feb 25 11:54:00 IST 2018,13917736,Jordan Jumpman,3,79.95,United Kingdom
706442,-1,6212987,Sun Nov 11 08:02:00 IST 2018,13820129,Liverpool F.C. Strike,3,47.95,United Kingdom
144571,-1,6182264,Sat Oct 13 12:07:00 IST 2018,13942104,Zion 2,6,59.95,United Kingdom
1088472,383943,6360882,Mon Feb 04 09:27:00 IST 2019,12944385,Nike Sportswear,6,26.95,United Kingdom
102185,358428,5911312,Sat Feb 17 09:58:00 IST 2018,13960045,Nike React Vision JDS,15,119.95,United Kingdom
98045,-1,6149572,Sun Sep 16 12:53:00 IST 2018,13974098,Nike Sportswear,9,59.95,United Kingdom
514366,-1,6079370,Sun Jul 22 11:06:00 IST 2018,13922013,AtlÃ©tico Madrid 2022/23 Stadium Away,15,37.95,United Kingdom
27254,352275,6090205,Mon Jul 30 07:14:00 IST 2018,14000388,FFF,9,44.95,United Kingdom
717063,-1,5904316,Tue Feb 13 10:23:00 IST 2018,13699104,Nike Therma-FIT Repel Challenger,3,64.95,United Kingdom
503985,279657,6264423,Sun Dec 16 09:35:00 IST 2018,14231776,Nike Blazer Mid '77,6,109.95,United Kingdom
956562,315252,5901742,Mon Feb 12 08:49:00 IST 2018,13880342,Nike x Billie Eilish,15,89.95,United Kingdom
234469,365862,6224493,Mon Nov 19 11:00:00 IST 2018,13823546,Jordan Essentials,15,27.95,United Kingdom
447676,328440,6049835,Mon Jun 25 11:58:00 IST 2018,12865352,Nike Court Vintage Premium,15,69.95,United Kingdom
899670,-1,6021235,Sun Jun 03 11:48:00 IST 2018,13646061,Nike SB Therma-FIT,3,89.95,United Kingdom
588012,269556,6277447,Sun Dec 23 11:10:00 IST 2018,13384512,Nike Sportswear Sport Essentials+,12,49.95,United Kingdom
185632,273987,6070306,Mon Jul 16 10:11:00 IST 2018,13381947,Nike Dri-FIT Academy,12,24.95,United Kingdom
173112,275037,5942860,Tue Mar 20 05:40:00 IST 2018,13893475,Jordan x Nina Chanel Abney,6,44.95,United Kingdom
215834,380142,6178205,Tue Oct 09 12:00:00 IST 2018,13150057,Nike Victory,15,79.95,United Kingdom
23749,275541,6013469,Sun May 27 12:47:00 IST 2018,12794103,Norway 2020 Stadium Home,15,54.95,United Kingdom
656,291480,6111534,Sat Aug 18 06:09:00 IST 2018,13612927,FFF,15,54.95,United Kingdom
206745,379365,6233359,Mon Nov 26 07:36:00 IST 2018,13151981,Nike SB,15,29.95,United Kingdom
250317,374661,6046590,Sat Jun 23 09:41:00 IST 2018,13308212,F.C. Barcelona Strike,15,37.95,United Kingdom
241983,371406,5979105,Tue Apr 24 06:18:00 IST 2018,13703056,Chicago Bulls Courtside,6,72.95,United Kingdom
912914,261450,6130333,Fri Aug 31 10:36:00 IST 2018,14114045,Jordan Quai 54,15,32.95,Spain
215406,-1,6395829,Tue Feb 19 12:30:00 IST 2019,13917688,Paris Saint-Germain,6,74.95,United Kingdom
588412,278523,6127704,Tue Aug 28 11:07:00 IST 2018,13924992,Nike Sportswear Swoosh League,6,59.95,United Kingdom
487440,-1,6376634,Mon Feb 11 10:11:00 IST 2019,14086295,Nike Air Max Flyknit Racer,6,144.95,United Kingdom
1089118,315798,6045050,Fri Jun 22 07:45:00 IST 2018,14000390,FFF,3,44.95,United Kingdom
135933,-1,6152707,Tue Sep 18 12:27:00 IST 2018,13808345,Nike F.C.,3,59.95,United Kingdom
508965,374388,6345867,Tue Jan 29 04:41:00 IST 2019,14036204,Jordan Dri-FIT Sport BC,6,32.95,Malta
610429,365820,6293034,Tue Jan 01 10:52:00 IST 2019,13821933,NikeCourt Dri-FIT,15,69.95,United Kingdom
433011,376005,5938449,Mon Mar 05 12:23:00 IST 2018,14050190,Los Angeles Lakers,15,27.95,United Kingdom
204709,372897,6355778,Sat Feb 02 12:54:00 IST 2019,13699051,Nike Dri-FIT Run Division Challenger,15,59.95,United Kingdom
147784,311829,6194232,Wed Oct 24 07:09:00 IST 2018,13808588,Nike Shield,15,94.95,United Kingdom
150444,364665,6232182,Sun Nov 25 08:18:00 IST 2018,13149680,Nike Air Presto,15,112.95,United Kingdom
721602,298746,6331523,Tue Jan 22 08:12:00 IST 2019,13906062,Jordan x Maison Château Rouge,6,114.95,United Kingdom
812009,-1,5933774,Wed Feb 28 10:41:00 IST 2018,14028097,Nike React Infinity Run Flyknit 3 By You,3,169.95,United Kingdom
68808,-1,6087257,Sat Jul 28 12:33:00 IST 2018,13167481,Nike Air Zoom Pegasus 38,15,109.95,United Kingdom
506494,295029,6095661,Sat Aug 04 07:07:00 IST 2018,13890782,Club América 2022/23 Stadium Home,6,74.95,United Kingdom
536392,346689,5985045,Mon Apr 30 05:25:00 IST 2018,14227474,Nike Air Max 270,6,99.95,United Kingdom
491125,272055,6165313,Sun Sep 30 06:49:00 IST 2018,13307533,AtlÃ©tico Madrid,15,69.95,United Kingdom
398969,315504,5913688,Fri Feb 18 09:20:00 IST 2028,13365360,Nike Defy All Day,6,54.95,United Kingdom
137892,324513,6180724,Fri Oct 12 09:07:00 IST 2018,14083871,NikeCourt React Vapor NXT,6,164.95,United Kingdom
18268,374661,6320017,Wed Jan 16 11:08:00 IST 2019,13838554,Club AmÃ©rica,12,54.95,United Kingdom
1027967,278607,6060032,Tue Jul 03 09:17:00 IST 2018,13432605,Nike Air Huarache,6,114.95,United Kingdom
1084621,350973,6048119,Sun Jun 24 08:56:00 IST 2018,13808521,Nike Yoga Dri-FIT Swoosh,9,37.95,United Kingdom
579059,307566,6211150,Wed Nov 07 10:17:00 IST 2018,13138341,Nike SB,15,19.95,Netherlands
933337,374661,6270209,Wed Dec 19 06:13:00 IST 2018,12835923,Portugal,3,47.95,United Kingdom
327542,267792,6240366,Sat Dec 01 09:32:00 IST 2018,13890859,F.C. Barcelona Travel,15,74.95,Norway
788983,367836,6365282,Tue Feb 05 12:51:00 IST 2019,13921117,Nike Retro Run,6,89.95,United Kingdom
740111,336315,6388481,Sun Feb 17 06:58:00 IST 2019,13426174,Nike Dri-FIT One,9,44.95,United Kingdom
233966,334320,6154599,Wed Sep 19 11:25:00 IST 2018,13975527,New Orleans Pelicans Icon Edition 2022/23,3,84.95,United Kingdom
1019481,322770,6257977,Tue Dec 11 09:35:00 IST 2018,13696098,Nike ACG 'Cinder Cone',15,124.95,United Kingdom
516895,297759,6288502,Sun Dec 30 10:00:00 IST 2018,14039369,Nike Brasilia,3,34.95,United Kingdom
76274,320796,6265006,Sun Dec 16 12:39:00 IST 2018,14079540,Nike Mercurial Superfly 9 Club TF,3,64.95,United Kingdom
668366,370608,6105275,Sun Aug 12 07:21:00 IST 2018,13089019,Nike,6,45.95,United Kingdom
629350,-1,6116946,Mon Aug 20 11:24:00 IST 2018,13460980,Nike ESC,3,269.95,United Kingdom
748385,-1,6074574,Wed Jul 18 12:01:00 IST 2018,13937213,Nike Air Max 90 G,3,152.95,United Kingdom
684790,294840,6272552,Fri Dec 21 09:58:00 IST 2018,13366552,Nike x MMW,15,72.95,United Kingdom
854168,296016,6360970,Mon Feb 04 09:39:00 IST 2019,13591709,Nike Dri-FIT Venom 3,6,32.95,United Kingdom
22674,-1,6217574,Wed Nov 14 05:38:00 IST 2018,13914331,NikeCourt Dri-FIT Victory,15,37.95,United Kingdom
533682,261471,6266183,Mon Dec 17 08:52:00 IST 2018,13818652,Zoom Freak 3,12,112.95,Switzerland
593277,325143,6145821,Wed Sep 12 09:05:00 IST 2018,13943043,Jordan Flare,6,34.95,United Kingdom
743874,-1,6118673,Tue Aug 21 12:07:00 IST 2018,13710543,Jordan (Her)itage,12,89.95,United Kingdom
105240,263907,5975068,Wed Apr 18 07:45:00 IST 2018,14067083,Chicago Bulls Courtside,15,72.95,France
305343,-1,6255931,Mon Dec 10 12:24:00 IST 2018,13841768,Nike,3,14.95,United Kingdom
1019366,261555,6254094,Sun Dec 09 11:31:00 IST 2018,12880462,Croatia,15,17.95,Spain
1024711,345198,6238914,Fri Nov 30 09:31:00 IST 2018,13977914,Nike One Luxe Icon Clash,3,59.95,United Kingdom
917624,344862,6324417,Sun Jan 20 05:03:00 IST 2019,14021656,Nike Air Force 1 Low Unlocked By You,15,152.95,United Kingdom
77825,334110,5965795,Tue Apr 10 07:55:00 IST 2018,13919496,Nike Yoga Dri-FIT Swoosh,6,49.95,United Kingdom
795766,-1,6152718,Tue Sep 18 12:30:00 IST 2018,14078880,Nike Sportswear Everyday Essential,3,12.95,United Kingdom
696197,-1,6261222,Wed Dec 12 13:22:00 IST 2018,13906910,Nike Sportswear,3,22.95,United Kingdom
867690,359814,6017539,Fri Jun 01 07:56:00 IST 2018,13073206,Nike Gym Club,15,29.95,United Kingdom
735443,-1,6374181,Sun Feb 10 11:08:00 IST 2019,13824273,Nike Air Max Pre-Day SE,6,129.95,United Kingdom
316064,374661,6261574,Fri Dec 14 11:33:00 IST 2018,13725897,Nike Sportswear Windrunner,9,49.95,United Kingdom
692437,266700,6265248,Mon Dec 17 05:57:00 IST 2018,13890571,Liverpool F.C.,15,54.95,France
1012988,359919,5993064,Tue May 08 05:32:00 IST 2018,1009208284,Nike Air Max 95 Unlocked By You,15,199.95,United Kingdom
721934,377685,6347616,Tue Jan 29 10:24:00 IST 2019,13327325,Chelsea F.C.,15,114.95,United Kingdom
656295,331968,5925260,Sat Feb 24 11:37:00 IST 2018,12797366,Nike Pro,15,22.95,United Kingdom
209101,342804,6126186,Mon Aug 27 10:26:00 IST 2018,13727177,Jordan,3,49.95,United Kingdom
220629,-1,6147944,Sat Sep 15 12:18:00 IST 2018,13891192,Liverpool F.C. 2022/23 Goalkeeper,3,54.95,United Kingdom
637784,-1,5982999,Sat Apr 28 08:32:00 IST 2018,13815446,Nike Sportswear Style Essentials,3,99.95,United Kingdom
252904,265461,6197873,Sun Oct 28 09:26:00 IST 2018,14027164,NikeCourt Advantage,3,59.95,Sweden
1085519,293013,6083473,Wed Jul 25 05:21:00 IST 2018,14213049,Nike,15,44.95,United Kingdom
534758,339045,6157063,Sun Sep 23 06:54:00 IST 2018,13808278,Nike Dri-FIT Indy,15,34.95,United Kingdom
999657,321531,6166072,Sun Sep 30 08:54:00 IST 2018,13824298,Nike Air Max Dawn SE,6,112.95,United Kingdom
380131,-1,6343084,Mon Jan 28 06:01:00 IST 2019,14010616,Nike Sportswear,3,59.95,United Kingdom
207133,-1,6021246,Sun Jun 03 11:52:00 IST 2018,13703215,Nike Sportswear,15,16.95,United Kingdom
336986,260715,6126087,Mon Aug 27 09:37:00 IST 2018,13941925,Zion 2,15,109.95,Australia
1004095,-1,6348650,Wed Jan 30 05:48:00 IST 2019,14083945,Nike Dunk High,3,109.95,United Kingdom
1020300,316995,6094429,Wed Aug 01 10:27:00 IST 2018,14113548,Jordan,15,20.95,United Kingdom
497060,302148,6228101,Wed Nov 21 09:26:00 IST 2018,12344977,Nike Huarache SE,15,86.95,United Kingdom
109823,262143,6064058,Mon Jul 09 09:13:00 IST 2018,12454900,Nike Dri-FIT Miler,15,27.95,Sweden
621482,-1,5995275,Wed May 09 10:40:00 IST 2018,13821717,NikeCourt Dri-FIT,3,37.95,United Kingdom
85327,283857,6276534,Sun Dec 23 07:43:00 IST 2018,14039836,Nike Heritage,15,27.95,United Kingdom
693389,266805,6147691,Sat Sep 15 10:36:00 IST 2018,12873730,Nike Dri-FIT Park 4 Goalkeeper JBY,15,32.95,Germany
355405,-1,6013161,Sun May 27 10:17:00 IST 2018,14037812,Nike Sportswear Club Fleece,3,37.95,United Kingdom
877649,273273,6176819,Tue Oct 09 05:19:00 IST 2018,13999532,Nike Air,15,29.95,United Kingdom
519706,329301,6118728,Tue Aug 21 12:33:00 IST 2018,14042496,Nike Sportswear Premium Essentials,15,39.95,United Kingdom
162405,375900,6109037,Tue Aug 14 10:28:00 IST 2018,13422173,Nike SB,15,64.95,United Kingdom
247033,317688,6070064,Mon Jul 16 08:32:00 IST 2018,14096004,Nike Dunk High,15,54.95,United Kingdom
341824,371175,6110896,Fri Aug 17 08:28:00 IST 2018,14134013,Nike Sportswear,6,39.95,United Kingdom
786027,352044,6389163,Sun Feb 17 07:41:00 IST 2019,13922613,Kaizer Chiefs F.C. Academy Pro,6,39.95,United Kingdom
99272,344799,6138330,Wed Sep 05 08:00:00 IST 2018,13820114,Nike,15,44.95,United Kingdom
954936,321531,6002183,Wed May 16 09:39:00 IST 2018,13922583,Galatasaray 2022/23 Away,15,54.95,United Kingdom
403472,322476,6035370,Wed Jun 13 11:37:00 IST 2018,13710507,Nike Pro Dri-FIT,3,27.95,United Kingdom
330924,346920,6112084,Sat Aug 18 09:24:00 IST 2018,14041610,Nike Sportswear Club Fleece,9,39.95,United Kingdom
47305,312228,6322107,Fri Jan 18 11:53:00 IST 2019,13701365,Nike Air Max Terrascape Plus,15,164.95,United Kingdom
536147,-1,6326936,Sun Jan 20 14:29:00 IST 2019,13923449,Jordan Essentials,3,49.95,United Kingdom
851861,267141,5935061,Sat Mar 03 07:38:00 IST 2018,13308698,F.C. Barcelona,15,54.95,France
678801,308889,6326991,Mon Jan 21 04:21:00 IST 2019,14079586,Nike Zoom Mercurial Vapor 15 Elite FG,15,234.95,United Kingdom
919765,287280,6309028,Sat Jan 12 09:22:00 IST 2019,14105126,Air Jordan 1 Low,3,109.95,United Kingdom
104391,259539,6281374,Tue Dec 25 08:47:00 IST 2018,13077390,Nike Sportswear Tech Fleece,9,47.95,Cyprus
111498,380289,6269615,Tue Dec 18 14:47:00 IST 2018,13938949,Nike Air Huarache SE,15,109.95,United Kingdom
399816,267120,6021169,Sun Jun 03 11:13:00 IST 2018,13705784,Jordan Why Not .5?,15,124.95,Germany
819926,359100,6355701,Sat Feb 02 12:36:00 IST 2019,14065012,Tottenham Hotspur Strike,15,59.95,United Kingdom
445561,-1,6334625,Wed Jan 23 09:06:00 IST 2019,13907545,Paris Saint-Germain,3,37.95,United Kingdom
303383,285894,6342512,Sun Jan 27 10:47:00 IST 2019,14052444,Milwaukee Bucks Mantra,9,27.95,United Kingdom
959393,296016,6387997,Sat Feb 16 13:17:00 IST 2019,14247745,Jordan,15,34.95,United Kingdom
69039,358974,5963529,Sun Apr 08 13:24:00 IST 2018,13976342,Nike Flex Runner 2,-12,28.95,United Kingdom
976464,302001,6288887,Sun Dec 30 13:10:00 IST 2018,14095736,Nike Air Max Plus,12,99.95,United Kingdom
362468,312333,6084606,Wed Jul 25 09:52:00 IST 2018,12946349,Nike Air Max Plus 3 Leather,9,164.9,United Kingdom
3889,-1,5976938,Sat Apr 21 10:04:00 IST 2018,14078469,Nike Dri-FIT Strike,6,49.95,United Kingdom
401386,265041,6393926,Tue Feb 19 07:25:00 IST 2019,13788427,Chelsea F.C.,3,69.95,Germany
727886,377265,5949449,Mon Mar 26 06:58:00 IST 2018,14161221,Nike Sportswear,15,64.95,United Kingdom
17234,323967,6321854,Fri Jan 18 10:29:00 IST 2019,14105712,Nike Air Max 270,9,89.95,United Kingdom
848473,306726,6228904,Fri Nov 23 09:07:00 IST 2018,13945049,Jordan Super Play,9,54.95,United Kingdom
1050148,381570,6202438,Wed Oct 31 12:04:00 IST 2018,13820208,Nike Renew Serenity Run,15,72.95,United Kingdom
930095,-1,5921839,Wed Feb 21 10:59:00 IST 2018,14101081,Nike Yoga Dri-FIT Luxe,6,84.95,United Kingdom
854996,-1,5950945,Tue Mar 27 05:30:00 IST 2018,13808905,Nike Sportswear,3,54.95,United Kingdom
790757,378903,5915492,Mon Feb 19 08:35:00 IST 2018,14058877,Nike Pegasus Turbo Next Nature,6,144.95,United Kingdom
70241,350238,6373774,Sun Feb 10 09:17:00 IST 2019,13100638,Nike Sportswear,15,19.95,United Kingdom
450487,263256,6277392,Sun Dec 23 10:52:00 IST 2018,13919535,Nike Sportswear Collection Essentials,15,59.95,France
1010075,367731,6265303,Mon Dec 17 06:11:00 IST 2018,14081369,Jumpman Trey Two,15,54.95,United Kingdom
988279,374535,6392111,Mon Feb 18 07:48:00 IST 2019,14079733,Nike,3,19.95,United Kingdom
719607,-1,6358737,Sun Feb 03 11:43:00 IST 2019,13152668,Nike Shield Phenom,9,47.95,United Kingdom
849648,305214,6273058,Sat Dec 22 07:05:00 IST 2018,14021781,Nike Sportswear Essential,-72,24.95,United Kingdom
1031253,306033,6026647,Fri Jun 08 11:46:00 IST 2018,13226136,Paris Saint-Germain,3,32.95,United Kingdom
543959,-1,6091448,Tue Jul 31 06:47:00 IST 2018,14084209,Nike Air Force 1 '07 Next Nature,3,109.95,United Kingdom
852766,297276,6188160,Wed Oct 17 13:12:00 IST 2018,14114083,Nike Sportswear Hybrid,6,134.95,EIRE
148632,-1,6055181,Sat Jun 30 09:52:00 IST 2018,14027222,NikeCourt Advantage,6,72.95,United Kingdom
632462,316638,6024557,Tue Jun 05 10:52:00 IST 2018,13824082,Jordan Flare,15,29.95,United Kingdom
650654,325458,6082538,Tue Jul 24 08:49:00 IST 2018,12725229,Nike Manoa LTR,15,54.95,United Kingdom
540968,318864,6331941,Tue Jan 22 09:41:00 IST 2019,14081170,Giannis Immortality 2,3,74.95,United Kingdom
250656,380625,5966323,Tue Apr 10 11:02:00 IST 2018,14101716,Nike Yoga,6,59.95,United Kingdom
622861,268002,6338959,Sat Jan 26 10:23:00 IST 2019,13914385,NikeCourt Dri-FIT Slam,15,64.95,Portugal
628686,-1,6040342,Mon Jun 18 09:53:00 IST 2018,13824285,Nike Renew Run 3,3,79.95,United Kingdom
878048,308931,6068931,Sun Jul 15 12:49:00 IST 2018,13914448,NikeCourt Dri-FIT Slam,3,94.95,United Kingdom
758098,336189,6146261,Fri Sep 14 07:26:00 IST 2018,13101238,FFF 2022 Away,3,54.95,United Kingdom
259222,296016,6331677,Tue Jan 22 08:37:00 IST 2019,14038595,Nike Premium,3,34.95,United Kingdom
1089667,372036,6037614,Sat Jun 16 11:18:00 IST 2018,13976378,Nike Flex Runner 2,6,29.95,United Kingdom
707156,-1,6099654,Sun Aug 05 11:58:00 IST 2018,13359031,Paris Saint-Germain,9,37.95,United Kingdom
1030248,308721,5965960,Tue Apr 10 08:40:00 IST 2018,13915342,Nike Standard Issue,6,49.95,United Kingdom
933869,-1,5970734,Sun Apr 15 06:56:00 IST 2018,13700340,Nike Air Zoom LJ Elite,3,109.95,United Kingdom
283637,376950,6255722,Mon Dec 10 11:18:00 IST 2018,13917399,Nike ACG,15,44.95,United Kingdom
821767,295008,5977081,Sat Apr 21 10:53:00 IST 2018,13890956,Paris Saint-Germain,6,59.95,United Kingdom
13736,328272,6191691,Mon Oct 22 06:57:00 IST 2018,13811358,Nike Air Dri-FIT,15,54.95,United Kingdom
811671,313131,6352269,Fri Feb 01 07:34:00 IST 2019,13922413,Eintracht Frankfurt,15,54.95,EIRE
450404,381738,5974353,Tue Apr 17 10:08:00 IST 2018,14281278,Nike (NFL New England Patriots),15,37.95,United Kingdom
58894,-1,6217552,Wed Nov 14 05:30:00 IST 2018,13844364,Nike Sportswear Essential,3,44.95,United Kingdom
773529,324660,5936117,Sat Mar 03 12:08:00 IST 2018,14231770,Nike Air Max Dawn,3,109.95,United Kingdom
53841,269976,6308984,Sat Jan 12 09:11:00 IST 2019,13922013,Atlético Madrid 2022/23 Stadium Away,3,37.95,United Kingdom
122982,-1,6033742,Tue Jun 12 12:43:00 IST 2018,13815317,Nike Sportswear Essentials,6,124.95,United Kingdom
561921,326655,6053641,Fri Jun 29 09:43:00 IST 2018,14100192,Nike Dri-FIT Academy,3,44.95,United Kingdom
470902,321531,6294387,Wed Jan 02 09:03:00 IST 2019,13138341,Nike SB,15,19.95,United Kingdom
545527,366429,6300261,Sun Jan 06 13:21:00 IST 2019,14042656,Nike Sportswear,15,32.95,United Kingdom
166258,283689,6215880,Tue Nov 13 04:25:00 IST 2018,13808345,Nike F.C.,15,59.95,United Kingdom
750892,-1,6146514,Sat Sep 15 06:17:00 IST 2018,14036468,Jordan Flight MVP,6,79.95,United Kingdom
664490,-1,6361784,Tue Feb 05 05:21:00 IST 2019,14175367,Nike Dura Feel 10,6,11.95,United Kingdom
448942,303240,5965047,Tue Apr 10 06:30:00 IST 2018,13938843,Nike Space Hippie 04,15,119.95,United Kingdom
615239,370314,6226275,Tue Nov 20 08:55:00 IST 2018,13922082,Kaizer Chiefs F.C. 2022/23 Stadium Home,3,74.95,United Kingdom
241987,-1,5960581,Sat Apr 07 05:41:00 IST 2018,14024214,Nike Sportswear,9,84.95,United Kingdom
612830,303429,6354700,Sat Feb 02 08:06:00 IST 2019,14094261,Nike Dri-FIT Phenom Elite,12,72.95,United Kingdom
927816,381738,6183441,Mon Oct 15 05:30:00 IST 2018,14203939,Inter Milan 2022/23 Stadium Home,15,32.95,United Kingdom
488839,364644,6383234,Wed Feb 13 09:46:00 IST 2019,12665719,Nike,15,12.95,United Kingdom
994441,325605,6237836,Wed Nov 28 08:27:00 IST 2018,13809310,Nike Dri-FIT Victory,15,29.95,United Kingdom
310658,-1,6026889,Sat Jun 09 07:51:00 IST 2018,13974807,Nike Tour Classic 4,-3,23.95,United Kingdom
1088074,309330,6266359,Mon Dec 17 09:47:00 IST 2018,13196662,Nike Waffle One,3,39.95,United Kingdom
502436,291291,6285466,Sat Dec 29 08:12:00 IST 2018,13914019,NikeCourt Dri-FIT Slam,15,59.95,United Kingdom
962227,370692,6057216,Mon Jul 02 04:07:00 IST 2018,13815293,Nike Sportswear,9,74.95,United Kingdom
589986,302988,6317344,Tue Jan 15 12:30:00 IST 2019,13976658,Nike Pro Dri-FIT,3,29.95,United Kingdom
486258,304227,6228992,Fri Nov 23 09:51:00 IST 2018,13891015,Paris Saint-Germain Strike,15,59.95,United Kingdom
233022,276654,5909464,Fri Feb 16 12:24:00 IST 2018,13719538,Zion,9,72.95,United Kingdom
1015958,-1,6124932,Sun Aug 26 13:25:00 IST 2018,13477251,Nike Therma Team Name Lockup (NFL Seattle Seahawks),3,69.95,United Kingdom
270030,-1,5924226,Sat Feb 24 07:21:00 IST 2018,13938101,Jordan Jumpman,3,44.95,United Kingdom
522640,261912,5964365,Mon Apr 09 08:27:00 IST 2018,14027164,NikeCourt Advantage,15,59.95,Germany
4579,277368,6152520,Tue Sep 18 10:18:00 IST 2018,13477425,NFL New York Giants Vapor Untouchable (Saquon Barkley),15,124.95,United Kingdom
806662,282513,6139331,Sat Sep 08 05:34:00 IST 2018,13454828,Nike Dri-FIT,15,39.95,United Kingdom
244,-1,5911774,Sat Feb 17 12:57:00 IST 2018,14240436,Nike,3,29.95,United Kingdom
279680,330120,6342523,Sun Jan 27 10:48:00 IST 2019,13976095,Nike Force 1,3,44.95,United Kingdom
16030,-1,6390813,Sun Feb 17 12:26:00 IST 2019,13921114,Nike Retro Run,15,89.95,United Kingdom
916383,310716,6001457,Wed May 16 05:46:00 IST 2018,13784901,Jordan 23 Engineered,15,39.95,United Kingdom
247506,275373,6031498,Mon Jun 11 08:45:00 IST 2018,11565495,Nike Everyday Max Cushioned,9,16.95,United Kingdom
841181,363027,6251421,Sat Dec 08 08:53:00 IST 2018,14084209,Nike Air Force 1 '07 Next Nature,15,109.95,United Kingdom
954694,-1,6004867,Sat May 19 13:22:00 IST 2018,13840199,Nike Waffle One,3,47.95,United Kingdom
358882,315819,6289899,Mon Dec 31 07:44:00 IST 2018,13807029,Nike AeroSwift,6,59.95,United Kingdom
39117,-1,6189865,Sat Oct 20 11:34:00 IST 2018,14081292,Jumpman Trey Two,3,54.95,United Kingdom
448271,-1,6244348,Mon Dec 03 11:29:00 IST 2018,13086663,England 2022 Stadium Home,3,74.95,United Kingdom
137030,-1,6352841,Fri Feb 01 09:58:00 IST 2019,12550881,Nike Flex Runner,3,28.95,United Kingdom
611172,318612,6103405,Wed Aug 08 05:48:00 IST 2018,13975694,Zion,12,99.95,United Kingdom
1011402,265377,6262652,Sat Dec 15 09:46:00 IST 2018,13913939,NikeCourt Dri-FIT ADV Rafa,9,64.95,France
935914,313131,6102470,Tue Aug 07 07:40:00 IST 2018,14094261,Nike Dri-FIT Phenom Elite,6,72.95,EIRE
977074,293475,6005758,Sun May 20 08:19:00 IST 2018,14037659,Nike Goalkeeper Grip3,12,49.95,United Kingdom
553218,359037,6198247,Sun Oct 28 11:39:00 IST 2018,13922589,Galatasaray Strike,6,59.95,Spain
796870,374409,5983021,Sat Apr 28 08:46:00 IST 2018,13922599,AtlÃ©tico Madrid,15,54.95,United Arab Emirates
667193,349797,6343579,Mon Jan 28 08:18:00 IST 2019,13801185,Nike Dunk High By You,3,124.95,United Kingdom
290301,-1,6173398,Sat Oct 06 13:11:00 IST 2018,13923361,Jordan Essentials,3,49.95,United Kingdom
647011,279594,6252334,Sun Dec 09 06:20:00 IST 2018,12835923,Portugal,15,47.95,United Kingdom
827449,296016,6371156,Sat Feb 09 11:54:00 IST 2019,14038093,Nike Dri-FIT One Elastika,3,22.95,United Kingdom
180848,304626,6264764,Sun Dec 16 10:42:00 IST 2018,14083782,Nike Blazer Mid '77 Vintage,3,99.95,United Kingdom
282410,-1,6345207,Mon Jan 28 11:16:00 IST 2019,13917485,Jordan Essentials,3,44.95,United Kingdom
338262,261051,6274906,Sat Dec 22 10:49:00 IST 2018,13975121,Nike Air Max Dawn,15,47.95,Belgium
55716,361284,6055302,Sat Jun 30 10:12:00 IST 2018,13913133,Nike Dri-FIT,-6,22.95,United Kingdom
697482,338310,6021114,Sun Jun 03 09:54:00 IST 2018,14041383,Nike Dri-FIT Poly+,6,37.95,United Kingdom
147371,356160,6034831,Wed Jun 13 07:54:00 IST 2018,13907162,Nike Dri-FIT Academy Pro,6,22.95,United Kingdom
244611,305130,6224350,Mon Nov 19 08:55:00 IST 2018,12916162,Nike Multiplier,15,11.95,United Kingdom
544200,330099,6187687,Wed Oct 17 08:27:00 IST 2018,12789080,Nike Air Max 90,6,134.95,United Kingdom
264122,-1,6033522,Tue Jun 12 10:17:00 IST 2018,14118854,Nike Jr. Tiempo Legend 9 Academy IC,15,49.95,United Kingdom
1036242,298515,6370375,Sat Feb 09 08:19:00 IST 2019,14216369,Jordan Dri-FIT Sport,15,54.95,United Kingdom
937697,-1,6157976,Sun Sep 23 12:11:00 IST 2018,13936322,Nike SB Zoom Blazer Mid PRM,3,89.95,United Kingdom
800089,275877,6306817,Fri Jan 11 08:26:00 IST 2019,13013800,Spain Nike (Road) Limited,9,79.95,United Kingdom
227640,379449,6336781,Fri Jan 25 12:03:00 IST 2019,13921865,Jordan 23 Engineered,3,89.95,United Kingdom
499458,261093,6303385,Tue Jan 08 09:43:00 IST 2019,14078831,Nike Everyday Essential,15,12.95,Norway
559045,315966,5953761,Fri Mar 30 09:25:00 IST 2018,13922516,Kaizer Chiefs F.C.,15,49.95,United Kingdom
702149,-1,6089039,Sun Jul 29 12:09:00 IST 2018,13833439,Nike,3,39.95,United Kingdom
953214,-1,6039253,Sun Jun 17 12:27:00 IST 2018,14096019,Nike Force 1 Crater Next Nature,3,54.95,United Kingdom
437550,261492,6359089,Mon Feb 04 04:05:00 IST 2019,13146497,Nike Yoga,6,32.95,Switzerland
1007972,383670,6016835,Wed May 30 08:41:00 IST 2018,13491454,Nike Air,15,17.95,United Kingdom
767592,310716,6001457,Wed May 16 05:46:00 IST 2018,13719553,Zion,9,72.95,United Kingdom
411241,-1,6388030,Sat Feb 16 13:28:00 IST 2019,14113731,Nike Sportswear Air Max,3,72.95,United Kingdom
528814,325941,6030343,Mon Jun 11 05:15:00 IST 2018,14072477,Jordan Artist Series by Mia Lee,3,64.95,United Kingdom
755110,-1,6157822,Sun Sep 23 09:48:00 IST 2018,13719633,Jordan 23 Engineered,3,109.95,United Kingdom
201298,306012,6307180,Fri Jan 11 10:04:00 IST 2019,14240293,Nike,3,22.95,United Kingdom
837769,342825,6042410,Wed Jun 20 05:20:00 IST 2018,13920318,Nike Sportswear Club,15,22.95,United Kingdom
953770,365862,6224493,Mon Nov 19 11:00:00 IST 2018,13815539,Nike Sportswear,15,74.95,United Kingdom
727625,318339,6173596,Sun Oct 07 06:27:00 IST 2018,12806067,Nike Dri-FIT Swoosh,15,44.95,United Kingdom
482769,374661,6087290,Sat Jul 28 12:41:00 IST 2018,13828274,Nike Blazer Mid '77 Jumbo,6,109.95,United Kingdom
909194,-1,6168492,Mon Oct 01 12:12:00 IST 2018,14079846,Nike Air Max Dawn,15,64.95,United Kingdom
705748,315714,5942728,Mon Mar 19 11:57:00 IST 2018,13701928,Nike Sportswear Collection Essentials,3,44.95,United Kingdom
229556,364161,6150353,Mon Sep 17 08:26:00 IST 2018,13828869,Nike Sportswear Swoosh League,3,59.95,United Kingdom
491663,347865,5921872,Wed Feb 21 11:21:00 IST 2018,13190430,Nike Air VaporMax 2021 FK,9,134.95,United Kingdom
275735,360213,6342248,Sun Jan 27 09:42:00 IST 2019,14036627,Nike Sportswear,15,19.95,United Kingdom
767272,374661,6133996,Sun Sep 02 11:41:00 IST 2018,13976306,Nike Kawa SE,6,22.95,United Kingdom
188797,305214,5984649,Sun Apr 29 09:00:00 IST 2018,13824128,Air Jordan XXXVI Low Luka,9,159.95,United Kingdom
395713,277830,6171913,Fri Oct 05 12:20:00 IST 2018,13978746,Jordan x Zion,-363,37.95,United Kingdom
758019,347193,6261530,Fri Dec 14 11:07:00 IST 2018,13918426,Nike Sportswear,6,49.95,United Kingdom
728249,369894,6282155,Tue Dec 25 12:01:00 IST 2018,1009420778,F.C. Barcelona 2022/23 Stadium Away,12,74.95,United Kingdom
752994,371406,6192780,Tue Oct 23 07:44:00 IST 2018,14096189,Nike Air Max 90 LTR SE,15,54.95,United Kingdom
317516,342804,6184244,Mon Oct 15 08:54:00 IST 2018,13991909,Jordan Essentials,3,72.95,United Kingdom
929716,310086,6138638,Wed Sep 05 11:00:00 IST 2018,14236324,Jordan,15,29.95,United Kingdom
948273,363615,6029650,Sun Jun 10 08:55:00 IST 2018,13941884,Nike SuperRep Cycle 2 Next Nature,15,109.95,United Kingdom
314190,-1,6317278,Tue Jan 15 11:56:00 IST 2019,13922218,Chelsea F.C. Strike,3,89.95,United Kingdom
616339,266343,6115307,Mon Aug 20 05:39:00 IST 2018,14038219,Nike Sportswear Therma-FIT Legacy,15,109.95,France
663339,277431,6222304,Sat Nov 17 13:36:00 IST 2018,13823534,Jordan Essentials,15,59.95,United Kingdom
1015584,297276,5982108,Sat Apr 28 05:45:00 IST 2018,13785147,Jordan Game 5,15,32.95,EIRE
1057747,334299,6352203,Fri Feb 01 07:28:00 IST 2019,13643942,Paris Saint-Germain Synthetic-Fill,3,109.95,United Kingdom
233584,-1,5933774,Wed Feb 28 10:41:00 IST 2018,13711059,Nike Therma-FIT,3,89.95,United Kingdom
323217,278649,6058624,Mon Jul 02 09:59:00 IST 2018,14104184,Nike,15,17.95,United Kingdom
453603,304122,6051859,Tue Jun 26 12:41:00 IST 2018,12793631,Netherlands 2020 Stadium Home,15,54.95,United Kingdom
511255,321531,6188809,Sat Oct 20 08:34:00 IST 2018,13922514,Tottenham Hotspur Strike,3,37.95,United Kingdom
38964,306726,5902501,Mon Feb 12 12:58:00 IST 2018,13891073,Paris Saint-Germain,6,109.95,United Kingdom
620855,279321,5988994,Fri May 04 09:13:00 IST 2018,14240280,Nike,15,29.95,United Kingdom
877604,-1,6101656,Mon Aug 06 13:14:00 IST 2018,14095852,Nike Air Max 90 LTR,15,86.95,United Kingdom
357351,274638,5927900,Mon Feb 26 05:51:00 IST 2018,13977895,Nike Pro Dri-FIT,15,39.95,United Kingdom
92631,306726,6148901,Sun Sep 16 07:32:00 IST 2018,14066938,Brooklyn Nets Courtside,3,72.95,United Kingdom
70014,381780,6166633,Mon Oct 01 04:59:00 IST 2018,13807143,Nike Pro Dri-FIT Vent Max,15,64.95,United Kingdom
485471,-1,6106639,Sun Aug 12 11:49:00 IST 2018,14064525,Liverpool F.C. Strike,3,39.95,United Kingdom
324854,-1,6367284,Wed Feb 06 12:14:00 IST 2019,13865150,Nike Sportswear,3,59.95,United Kingdom
195627,373779,6347847,Tue Jan 29 11:16:00 IST 2019,13095872,Nike Sportswear Tech Pack,12,259.95,United Kingdom
128762,266301,6111017,Fri Aug 17 09:13:00 IST 2018,14035932,Jordan Dri-FIT Sport BC,15,54.95,France
244789,302190,6164334,Sat Sep 29 09:35:00 IST 2018,13162076,F.C. Barcelona,15,64.95,United Kingdom
6145,359835,6361498,Mon Feb 04 12:48:00 IST 2019,13308388,Galatasaray Home,15,47.95,United Kingdom
49869,-1,6314814,Mon Jan 14 11:33:00 IST 2019,13922527,Galatasaray Strike,3,114.95,United Kingdom
193578,-1,6030134,Sun Jun 10 11:30:00 IST 2018,14042196,Nike Dri-FIT A.I.R. Hola Lou,3,32.95,United Kingdom
191498,288330,6145733,Wed Sep 12 08:47:00 IST 2018,13921782,Paris Saint-Germain Strike Away,12,54.95,United Kingdom
567336,-1,5958645,Tue Apr 03 14:01:00 IST 2018,13928049,Jordan Essentials,3,109.95,United Kingdom
614427,297276,6007892,Tue May 22 06:32:00 IST 2018,13838610,Nike ESC,15,449.95,EIRE
691085,-1,5935941,Sat Mar 03 11:03:00 IST 2018,13613279,FFF 2022 Stadium Home/Away,3,37.95,United Kingdom
791506,266469,6185025,Tue Oct 16 06:04:00 IST 2018,13904197,Brooklyn Nets Courtside,15,124.95,France
533850,-1,6330247,Mon Jan 21 12:14:00 IST 2019,13823167,The Nike Polo,3,59.95,United Kingdom
978676,-1,6381265,Tue Feb 12 12:22:00 IST 2019,14075807,Nike Dri-FIT Swoosh Fly,3,22.95,United Kingdom
595264,309015,6223030,Sun Nov 18 08:02:00 IST 2018,13922434,Tottenham Hotspur 2022/23 Home,12,54.95,United Kingdom
494786,345282,6394410,Tue Feb 19 07:43:00 IST 2019,13727908,Jordan 1 Mid,6,39.95,United Kingdom
712326,-1,6087279,Sat Jul 28 12:37:00 IST 2018,13824074,Jordan Stay Loyal,3,99.95,United Kingdom
971909,267708,6371068,Sat Feb 09 11:34:00 IST 2019,12741798,Nike Sportswear Club,12,39.95,United Kingdom
187799,-1,6030101,Sun Jun 10 11:20:00 IST 2018,13089920,Nike Dri-FIT Academy,3,26.95,United Kingdom
454558,-1,6021235,Sun Jun 03 11:48:00 IST 2018,14071697,Jordan Essentials,6,89.95,United Kingdom
792129,298305,5918649,Tue Feb 20 09:38:00 IST 2018,13839975,Nike MD Valiant,-9,29.95,United Kingdom
225302,312963,6097025,Sat Aug 04 09:17:00 IST 2018,13816559,Nike Sportswear Essential,6,22.95,United Kingdom
830231,313131,6164961,Sun Sep 30 05:50:00 IST 2018,13812916,Nike Dri-FIT Alate Minimalist,15,37.95,EIRE
248003,261177,6065279,Tue Jul 10 07:45:00 IST 2018,13710507,Nike Pro Dri-FIT,6,27.95,France
87578,296016,6275368,Sat Dec 22 13:12:00 IST 2018,13919510,Nike Dri-FIT,6,24.95,United Kingdom
264397,296016,6387997,Sat Feb 16 13:17:00 IST 2019,14066721,Golden State Warriors Standard Issue,3,79.95,United Kingdom
763004,-1,6298050,Sat Jan 05 13:06:00 IST 2019,13808299,Nike Dri-FIT Get Fit,12,59.95,United Kingdom
816421,381696,5932091,Tue Feb 27 11:45:00 IST 2018,13844140,Nike Air Max Dawn,15,69.95,United Kingdom
315059,336609,5975717,Wed Apr 18 10:23:00 IST 2018,13071574,Nike Reposto,15,34.95,United Kingdom
615915,265041,6205540,Sun Nov 04 07:47:00 IST 2018,13977899,Nike Pro Dri-FIT,6,39.95,Germany
565457,308721,5984440,Sun Apr 29 07:40:00 IST 2018,13917369,Jordan Essentials,3,64.95,United Kingdom
454035,265545,6070020,Mon Jul 16 08:11:00 IST 2018,13743491,Nike Air Max Dawn,15,47.95,Germany
32723,310716,5980183,Wed Apr 25 06:26:00 IST 2018,14036627,Nike Sportswear,6,19.95,United Kingdom
208903,298914,6281594,Tue Dec 25 09:58:00 IST 2018,13917175,Nike SB,6,69.95,United Kingdom
787301,326487,5995660,Fri May 11 09:47:00 IST 2018,13824202,PG 6,3,109.95,United Kingdom
800290,300258,6216650,Tue Nov 13 10:26:00 IST 2018,14149589,Jordan,15,39.95,United Kingdom
942969,305235,6275038,Sat Dec 22 11:39:00 IST 2018,14161353,Nike Sportswear,15,22.95,United Kingdom
1016084,262374,6104340,Wed Aug 08 09:49:00 IST 2018,12902448,Nike Internationalist By You,15,109.95,France
1034747,310716,6072561,Wed Jul 18 06:10:00 IST 2018,12971737,Nike HydraStrong Solid,9,39.95,United Kingdom
624732,-1,6355448,Sat Feb 02 11:18:00 IST 2019,13706845,Nike Sportswear Sport Essentials+,3,109.95,United Kingdom
624160,-1,6001248,Tue May 15 12:22:00 IST 2018,14064532,Tottenham Hotspur Strike,6,39.95,United Kingdom
958175,261618,5995924,Sat May 12 06:55:00 IST 2018,14072419,Jordan Flight,15,44.95,Switzerland
180831,306474,5901918,Mon Feb 12 09:54:00 IST 2018,14042280,Nike SB,3,34.95,United Kingdom
239324,373611,6331501,Tue Jan 22 08:09:00 IST 2019,13089097,Nike,3,40.95,United Kingdom
193418,-1,5963265,Sun Apr 08 10:01:00 IST 2018,13891205,Tottenham Hotspur,3,37.95,United Kingdom
156135,266805,6095144,Fri Aug 03 10:03:00 IST 2018,14078490,Nike Dri-FIT ADV Run Division,15,72.95,Germany
434506,305466,6306718,Fri Jan 11 07:47:00 IST 2019,12835808,Croatia 2020 Stadium Home/Away,6,32.95,United Kingdom
645359,-1,6030233,Sun Jun 10 12:40:00 IST 2018,14084648,Nike Sportswear Phoenix Fleece,15,64.95,United Kingdom
341763,350889,6236868,Wed Nov 28 06:56:00 IST 2018,13914258,Nike Swoosh Run,6,27.95,United Kingdom
1032715,374661,6123381,Sat Aug 25 12:33:00 IST 2018,13921973,Paris Saint-Germain 2022/23 Stadium,3,37.95,United Kingdom
36722,-1,6194023,Tue Oct 23 13:28:00 IST 2018,13742394,Nike Revolution 6 FlyEase,3,29.95,United Kingdom
1073946,296016,6331677,Tue Jan 22 08:37:00 IST 2019,13821791,NikeCourt Dri-FIT Slam,6,64.95,United Kingdom
490494,358533,6239046,Fri Nov 30 12:04:00 IST 2018,12916139,Nike Multiplier,6,11.95,United Kingdom
1060230,325773,6010037,Wed May 23 07:38:00 IST 2018,13923436,Jordan (Her)itage,15,32.95,United Kingdom
363758,287574,6305893,Wed Jan 09 08:34:00 IST 2019,14021493,Nike Sportswear Favourites,15,27.95,United Kingdom
127618,325353,6036129,Sat Jun 16 07:28:00 IST 2018,14161081,Nike Sportswear Club,6,37.95,United Kingdom
1012962,358890,6230774,Sat Nov 24 11:01:00 IST 2018,13831205,Jordan x A Ma ManiÃ©re,3,109.95,United Kingdom
69957,295029,6360563,Mon Feb 04 08:20:00 IST 2019,13921772,Jordan 23 Engineered,3,72.95,United Kingdom
16922,331968,5908694,Fri Feb 16 09:05:00 IST 2018,13808560,Nike Dri-FIT One,15,27.95,United Kingdom
143962,-1,6101634,Mon Aug 06 13:06:00 IST 2018,14288266,Nike Premier,3,12.95,United Kingdom
388229,303471,6104846,Fri Aug 10 08:35:00 IST 2018,13808048,Nike Yoga Dri-FIT,6,59.95,United Kingdom
360229,350952,6006033,Sun May 20 11:07:00 IST 2018,13460980,Nike ESC,15,269.95,United Kingdom
857617,347550,6114350,Sun Aug 19 09:35:00 IST 2018,13891406,Paris Saint-Germain Away,6,54.95,United Kingdom
658783,294840,6195255,Fri Oct 26 08:03:00 IST 2018,14020239,Nike Air Max 97,3,164.95,United Kingdom
987964,-1,6004867,Sat May 19 13:22:00 IST 2018,13491439,Nike Sportswear,3,17.95,United Kingdom
657021,365736,6331732,Tue Jan 22 08:47:00 IST 2019,13097888,Nike Air Max Bolt,9,39.95,United Kingdom
986798,266301,5957237,Mon Apr 02 07:51:00 IST 2018,13198631,Nike Downshifter 11,15,34.95,France
373363,332976,6121005,Wed Aug 22 12:46:00 IST 2018,14083998,Nike Zoom Mercurial Superfly 9 Elite SG-Pro Anti-Clog Traction,15,259.95,United Kingdom
667391,-1,6101634,Mon Aug 06 13:06:00 IST 2018,13775640,Nike Dri-FIT Strike,3,32.95,United Kingdom
950549,343077,6315078,Tue Jan 15 06:03:00 IST 2019,13823489,Jordan Dri-FIT Air,9,79.95,United Kingdom
391848,-1,6261222,Wed Dec 12 13:22:00 IST 2018,13914496,Nike Dri-FIT Run Division,6,104.95,United Kingdom
222713,315084,6162299,Wed Sep 26 10:05:00 IST 2018,13789174,Nike Pro Dri-FIT,6,49.95,United Kingdom
235824,264915,6256778,Tue Dec 11 06:23:00 IST 2018,13977899,Nike Pro Dri-FIT,15,39.95,France
193752,323946,6353127,Fri Feb 01 11:36:00 IST 2019,13743831,Nike Team USA (Road),9,37.95,United Kingdom
883225,307692,6248825,Wed Dec 05 10:21:00 IST 2018,13823530,Jordan (Her)itage,3,69.95,United Kingdom
885525,369894,6282155,Tue Dec 25 12:01:00 IST 2018,13913667,Nike Fly,3,49.95,United Kingdom
229353,-1,6254237,Sun Dec 09 14:41:00 IST 2018,13907160,Nike Dri-FIT Academy Pro,3,22.95,United Kingdom
964521,297738,6380297,Tue Feb 12 08:01:00 IST 2019,14041389,Nike Therma-FIT,15,44.95,United Kingdom
541388,-1,6324637,Sun Jan 20 06:51:00 IST 2019,14154972,Nike Air Force 1 PLT.AF.ORM,15,124.95,United Kingdom
372375,328230,6300085,Sun Jan 06 11:36:00 IST 2019,13941405,Nike Legend Essential 2,15,54.95,United Kingdom
333636,325542,6007056,Mon May 21 07:59:00 IST 2018,13697511,LeBron Premium,15,269.95,United Kingdom
597346,354984,5983164,Sat Apr 28 10:14:00 IST 2018,13844907,Nike Air Max 90 LTR SE,3,86.95,United Kingdom
649975,-1,5955653,Sat Mar 31 13:54:00 IST 2018,14175075,Nike Lean,9,18.95,United Kingdom
927716,280014,6108740,Tue Aug 14 07:33:00 IST 2018,13160071,Nike,15,37.95,United Kingdom
997282,274869,6169812,Tue Oct 02 13:08:00 IST 2018,13708473,Nike Air,15,64.95,United Kingdom
722845,310716,6395675,Tue Feb 19 11:31:00 IST 2019,13815158,Nike Air,15,64.95,United Kingdom
911472,295008,5977081,Sat Apr 21 10:53:00 IST 2018,12960157,Nikola JokiÄ‡ Nuggets Icon Edition 2020,9,79.95,United Kingdom
76226,-1,6217541,Wed Nov 14 05:26:00 IST 2018,13806433,New Orleans Pelicans Statement Edition,3,23.95,United Kingdom
212655,374661,6133996,Sun Sep 02 11:41:00 IST 2018,13785083,Jordan Sport DNA,9,59.95,United Kingdom
59736,339528,6250376,Sat Dec 08 05:28:00 IST 2018,12016993,Nike Air Max 270,15,144.95,United Kingdom
844759,308490,6301955,Mon Jan 07 11:39:00 IST 2019,13915757,Nike F.C. Tribuna,9,44.95,United Kingdom
829060,381528,5905196,Tue Feb 13 14:08:00 IST 2018,14105218,Nike Yoga Dri-FIT,3,72.95,United Kingdom
385695,383649,5915987,Mon Feb 19 09:53:00 IST 2018,13797549,Kyrie Infinity SE,15,79.95,United Kingdom
546438,277389,5954476,Sat Mar 31 10:27:00 IST 2018,13752134,Nike x Travis Scott,3,159.95,United Kingdom
532602,324177,6021037,Sun Jun 03 09:11:00 IST 2018,14053360,Boston Celtics,6,27.95,United Kingdom
320815,269598,6321370,Fri Jan 18 08:20:00 IST 2019,13094171,NikeCourt Dri-FIT Victory,3,54.95,United Kingdom
4872,347025,6149231,Sun Sep 16 09:16:00 IST 2018,12762098,FFF,15,22.95,United Kingdom
383799,301707,6005956,Sun May 20 10:12:00 IST 2018,13850299,Nike,9,34.95,United Kingdom
1031130,305235,6275038,Sat Dec 22 11:39:00 IST 2018,14079409,Nike Mercurial Vapor 15 Club MG,15,54.95,United Kingdom
1010781,297759,6288502,Sun Dec 30 10:00:00 IST 2018,12357190,Nike Force 1 LV8 Utility,3,44.95,United Kingdom
240995,337092,6284168,Fri Dec 28 11:13:00 IST 2018,14038273,Nike ACG Therma-FIT,15,99.95,United Kingdom
726417,263319,5946050,Sat Mar 24 05:11:00 IST 2018,13917399,Nike ACG,15,44.95,Spain
375492,-1,6074519,Wed Jul 18 11:40:00 IST 2018,1009422223,Atlético Madrid 2022/23 Match Home,3,114.95,United Kingdom
597028,356664,6182341,Sat Oct 13 13:37:00 IST 2018,13710149,Nike Dri-FIT One,6,54.95,United Kingdom
433679,281505,6092779,Tue Jul 31 12:31:00 IST 2018,13917272,Nike SB,12,59.95,United Kingdom
275532,369369,6111248,Fri Aug 17 11:25:00 IST 2018,14024937,Nike Dri-FIT AeroBill Legacy91,15,22.95,United Kingdom
5495,-1,6219356,Wed Nov 14 12:39:00 IST 2018,14115541,Nike Dri-FIT Academy,3,54.95,United Kingdom
642334,316218,6045138,Fri Jun 22 09:21:00 IST 2018,14105714,Nike Therma-FIT Starting 5,3,44.95,United Kingdom
332697,-1,5901984,Mon Feb 12 10:32:00 IST 2018,13307188,Galatasaray 2021/22 Stadium Third,6,34.95,United Kingdom
113577,292929,6307389,Fri Jan 11 11:35:00 IST 2019,13807479,Nike Challenger,15,32.95,United Kingdom
1018857,295785,6300184,Sun Jan 06 12:14:00 IST 2019,13941546,NikeCourt Zoom Vapor Cage 4 Rafa,12,134.95,United Kingdom
331643,377559,6137945,Wed Sep 05 06:44:00 IST 2018,13920447,Nike Sportswear Club Fleece,3,37.95,United Kingdom
213068,300006,6045347,Sat Jun 23 04:16:00 IST 2018,14105938,Nike Sportswear Trend,15,39.95,United Kingdom
775462,356559,6332623,Tue Jan 22 12:36:00 IST 2019,13913662,Nike Tempo Luxe,15,37.95,United Kingdom
134532,275961,6236769,Wed Nov 28 05:54:00 IST 2018,13983750,Nike Sportswear,15,27.95,United Kingdom
901594,332976,6222326,Sat Nov 17 13:46:00 IST 2018,13327160,Chelsea F.C. Strike,-3,59.95,United Kingdom
331885,378231,5902567,Mon Feb 12 13:35:00 IST 2018,14070945,Team 31 Standard Issue,3,69.95,United Kingdom
729579,309624,5990490,Sat May 05 11:12:00 IST 2018,13809258,Nike F.C. Dri-FIT,-3,44.95,United Kingdom
619098,289884,6219466,Fri Nov 16 06:59:00 IST 2018,13919346,Nike Sportswear Tech Essentials,15,72.95,United Kingdom
238210,322707,6043664,Wed Jun 20 07:50:00 IST 2018,12933574,Nike Yoga,15,72.95,United Kingdom
1038850,362103,6245976,Tue Dec 04 08:34:00 IST 2018,13706106,Nike Sportswear,6,72.95,United Kingdom
271709,266343,6225241,Tue Nov 20 06:35:00 IST 2018,13916610,Naomi Osaka,15,74.95,France
890603,-1,6361817,Tue Feb 05 05:26:00 IST 2019,14116858,Nike Dri-FIT,9,37.95,United Kingdom
201613,278586,6093153,Wed Aug 01 05:30:00 IST 2018,13824303,Nike Air Max 96 II,15,159.95,United Kingdom
250915,286083,6035700,Fri Jun 15 07:11:00 IST 2018,13745961,Sky Jordan 1,3,39.95,United Kingdom
445586,295743,6387117,Sat Feb 16 09:14:00 IST 2019,13726687,Jordan,6,16.95,United Kingdom
599290,328272,6297291,Sat Jan 05 09:48:00 IST 2019,13710689,Jordan,-6,64.95,United Kingdom
888173,-1,5909783,Sat Feb 17 06:53:00 IST 2018,13829645,Nike Metcon 7,15,114.95,United Kingdom
701589,307566,6330588,Tue Jan 22 06:32:00 IST 2019,12915524,Netherlands 2020 Stadium Away,15,31.95,Netherlands
596138,304605,5923698,Fri Feb 23 12:14:00 IST 2018,13728324,Brooklyn Nets City Edition,9,94.95,United Kingdom
923557,341586,6088775,Sun Jul 29 10:50:00 IST 2018,13917173,Nike SB,9,54.95,United Kingdom
384494,341061,6278756,Mon Dec 24 08:19:00 IST 2018,14065592,Los Angeles Lakers Standard Issue,6,79.95,United Kingdom
226877,-1,6232622,Sun Nov 25 12:05:00 IST 2018,13977121,Nike Dri-FIT Trail,3,69.95,United Kingdom
491427,354417,6307554,Fri Jan 11 12:15:00 IST 2019,14287820,Nike Metcon 8 By Adrian Mundwiler,3,144.95,United Kingdom
232575,322896,6195530,Fri Oct 26 11:39:00 IST 2018,14039815,Nike,6,27.95,United Kingdom
947789,378273,6152498,Tue Sep 18 10:08:00 IST 2018,13817048,Nike Sportswear Essential,9,44.95,United Kingdom
416029,383145,5934247,Fri Mar 02 10:58:00 IST 2018,14020237,Nike Air Max 95,15,164.95,United Kingdom
1070889,313131,6289195,Mon Dec 31 06:48:00 IST 2018,13026227,Nike Air Zoom Structure 23,15,109.95,EIRE
701856,-1,6194023,Tue Oct 23 13:28:00 IST 2018,13719589,Jordan Essentials,3,79.95,United Kingdom
1029855,378084,5923610,Fri Feb 23 09:47:00 IST 2018,14043165,Nike Yoga Therma-FIT Luxe,15,89.95,United Kingdom
854232,326655,6053641,Fri Jun 29 09:43:00 IST 2018,13307178,Paris Saint-Germain Strike,3,59.95,United Kingdom
708927,306558,6301537,Mon Jan 07 09:19:00 IST 2019,12879479,FFF 2020 Vapor Match Home,6,84.95,United Kingdom
1035451,272769,6390725,Sun Feb 17 11:28:00 IST 2019,14163578,Nike Sportswear,15,39.95,United Kingdom
753896,292971,5988631,Wed May 02 11:21:00 IST 2018,14009582,Tottenham Hotspur 2022/23 Stadium Goalkeeper,15,74.95,United Kingdom
388355,326487,6203285,Fri Nov 02 12:24:00 IST 2018,13890711,Chelsea F.C.,6,74.95,United Kingdom
733074,291648,6071846,Tue Jul 17 10:41:00 IST 2018,13809357,Nike Dri-FIT Victory,6,37.95,United Kingdom
346674,347529,6374170,Sun Feb 10 11:06:00 IST 2019,14079608,Nike Jr. Phantom GT2 Club TF,3,39.95,United Kingdom
1053893,267120,6136350,Tue Sep 04 06:56:00 IST 2018,14036666,Jordan Essentials,15,204.95,Germany
117595,-1,5956423,Sun Apr 01 10:29:00 IST 2018,13916755,Nike Dri-FIT Academy Pro,6,27.95,United Kingdom
369194,259791,6275731,Sun Dec 23 06:43:00 IST 2018,13145219,Paris Saint-Germain,15,74.95,Switzerland
289312,365043,6388041,Sat Feb 16 13:36:00 IST 2019,14042219,Tiger Woods 'Frank',3,27.95,United Kingdom
902165,264537,6014360,Mon May 28 10:00:00 IST 2018,13922378,Tottenham Hotspur Strike,15,49.95,Spain
381321,327537,6319621,Wed Jan 16 09:26:00 IST 2019,13798430,Nike Everyday Plus Cushioned,15,12.95,United Kingdom
912720,260547,6149638,Mon Sep 17 05:49:00 IST 2018,13435327,Brooklyn Nets Essential,15,69.95,Belgium
588240,-1,6015856,Tue May 29 14:24:00 IST 2018,13646179,Nike SB,3,22.95,United Kingdom
617907,297675,6276578,Sun Dec 23 07:55:00 IST 2018,13168828,Nike Sportswear,15,19.95,United Kingdom
640722,308070,6002238,Wed May 16 10:13:00 IST 2018,13922601,Kaizer Chiefs F.C. Academy Pro,3,44.95,United Kingdom
895911,-1,6395829,Tue Feb 19 12:30:00 IST 2019,13976272,Nike Flex Runner 2,6,34.95,United Kingdom
896203,289905,6183177,Sun Oct 14 11:29:00 IST 2018,13815035,Nike Dri-FIT Vapor,15,64.95,United Kingdom
369291,287028,6347242,Tue Jan 29 08:42:00 IST 2019,13308041,Tottenham Hotspur FC 2021/22 Home,15,49.95,United Kingdom
423161,339906,6193990,Tue Oct 23 13:00:00 IST 2018,14078023,NikeCourt,15,74.95,United Kingdom
385963,-1,6122996,Sat Aug 25 11:30:00 IST 2018,13478754,F.C. Barcelona 2021/22 Stadium Goalkeeper,3,59.95,United Kingdom
742163,331884,6134436,Mon Sep 03 06:28:00 IST 2018,13918195,Nike ACG Storm-FIT ADV 'Cascade Rains',3,152.95,United Kingdom
496665,354984,6125955,Mon Aug 27 09:05:00 IST 2018,13743837,Spain,3,27.95,United Kingdom
530309,358050,5989082,Fri May 04 10:21:00 IST 2018,12988377,Netherlands Prestige,6,22.95,United Kingdom
102403,327768,6192450,Tue Oct 23 05:56:00 IST 2018,14236073,Jordan MJ Avatar Play Graphic Tee,15,22.95,United Kingdom
118564,374661,6087290,Sat Jul 28 12:41:00 IST 2018,14036132,Jordan Flight MVP,6,59.95,United Kingdom
383192,369663,6164796,Sat Sep 29 12:04:00 IST 2018,13332800,F.C. Barcelona Stadium,-3,16.95,United Kingdom
996647,-1,5960130,Wed Apr 04 13:09:00 IST 2018,14078469,Nike Dri-FIT Strike,3,49.95,United Kingdom
147266,-1,6395829,Tue Feb 19 12:30:00 IST 2019,12853025,Nike Pro Elite 2.0,3,14.95,United Kingdom
964960,-1,5952144,Tue Mar 27 10:29:00 IST 2018,14020325,Los Angeles Lakers Courtside,9,104.95,United Kingdom
462431,345723,6092636,Tue Jul 31 10:45:00 IST 2018,13815109,Nike Air,15,72.95,United Kingdom
823773,381843,6062771,Sun Jul 08 11:26:00 IST 2018,14084019,Nike MC Trainer 2,15,64.95,United Kingdom
309037,293349,6118893,Tue Aug 21 14:41:00 IST 2018,14096195,Nike Air Force 1 LV8,15,79.95,United Kingdom
415322,269976,6381782,Wed Feb 13 06:52:00 IST 2019,13919744,Nike SB,6,27.95,United Kingdom
268911,302295,6125702,Mon Aug 27 08:21:00 IST 2018,14066302,Dallas Mavericks Showtime,3,119.95,United Kingdom
869386,380625,5987344,Tue May 01 09:47:00 IST 2018,13807307,Nike ACG,9,37.95,United Kingdom
296826,-1,6309435,Sat Jan 12 10:41:00 IST 2019,14161304,Nike Sportswear,15,44.95,United Kingdom
178287,318969,6102778,Tue Aug 07 08:52:00 IST 2018,13890743,Paris Saint-Germain Strike,15,32.95,United Kingdom
884657,279384,5939791,Tue Mar 06 10:35:00 IST 2018,13936479,Nike SB Zoom Blazer Low Pro GT Premium,15,72.95,United Kingdom
486750,305424,6342589,Sun Jan 27 11:06:00 IST 2019,13760252,Nike Dri-FIT Run Division Epic Luxe,15,89.95,United Kingdom
1024757,-1,5914326,Fri Feb 18 14:36:00 IST 2028,14039553,Nike Dri-FIT Get Fit,3,59.95,United Kingdom
1081742,365400,6032400,Mon Jun 11 13:33:00 IST 2018,12932866,Nike Sportswear Tech Fleece,9,74.95,United Kingdom
724114,-1,6244348,Mon Dec 03 11:29:00 IST 2018,13308314,Tottenham Hotspur 2021/22 Stadium Third,3,32.95,United Kingdom
627955,331611,6092669,Tue Jul 31 11:15:00 IST 2018,14065286,Liverpool F.C. Travel Away,15,44.95,United Kingdom
312725,305109,6248726,Wed Dec 05 09:48:00 IST 2018,14086244,Jordan 1 Mid,3,69.95,United Kingdom
672349,296016,6251806,Sat Dec 08 11:28:00 IST 2018,14247638,Jordan,3,34.95,United Kingdom
62360,300111,6264137,Sun Dec 16 07:44:00 IST 2018,13806964,Nike Dri-FIT Phenom Elite,15,84.95,United Kingdom
362664,298074,6199050,Mon Oct 29 08:50:00 IST 2018,13922070,Paris Saint-Germain,6,64.95,United Kingdom
378267,295176,6117166,Mon Aug 20 12:54:00 IST 2018,13808396,Nike Yoga Luxe,6,39.95,United Kingdom
70900,-1,5949328,Mon Mar 26 05:26:00 IST 2018,13382216,Zoom Freak 3,9,112.95,United Kingdom
830009,-1,5960097,Wed Apr 04 13:05:00 IST 2018,13356007,Nike Dri-FIT,3,59.95,United Kingdom
969791,358911,6113910,Sun Aug 19 07:39:00 IST 2018,14079200,Nike Air,15,79.95,United Kingdom
740897,382683,6219543,Fri Nov 16 07:49:00 IST 2018,13785227,Jordan Flight Heritage '85,15,49.95,United Kingdom
374039,338394,6134392,Mon Sep 03 06:13:00 IST 2018,14065234,Liverpool F.C. Away,15,49.95,United Kingdom
852642,-1,6166237,Sun Sep 30 09:57:00 IST 2018,14203939,Inter Milan 2022/23 Stadium Home,3,32.95,United Kingdom
469930,380289,6327365,Mon Jan 21 07:04:00 IST 2019,13890956,Paris Saint-Germain,15,59.95,United Kingdom
244940,-1,6238573,Wed Nov 28 11:02:00 IST 2018,13891069,Paris Saint-Germain 2022/23 Home,-42,54.95,United Kingdom
915650,361620,6258318,Tue Dec 11 10:46:00 IST 2018,14146614,F.C. Barcelona 2022/23 Stadium Goalkeeper,3,64.95,United Kingdom
457893,259980,6113129,Sun Aug 19 05:49:00 IST 2018,13797407,Nike Air Max 97 Unlocked By You,15,199.95,Belgium
871959,-1,6141476,Sun Sep 09 07:45:00 IST 2018,13904093,Nike Sportswear,15,34.95,United Kingdom
237524,-1,5960581,Sat Apr 07 05:41:00 IST 2018,13814082,Nike Yoga,3,129.95,United Kingdom
495616,-1,6130564,Sat Sep 01 05:41:00 IST 2018,13459792,Nike (M),12,72.95,United Kingdom
1088279,358134,6086806,Sat Jul 28 08:57:00 IST 2018,13808443,Nike Dri-FIT One,15,37.95,United Kingdom
572016,380478,6248506,Wed Dec 05 08:16:00 IST 2018,13998518,Brooklyn Nets,3,39.95,United Kingdom
447981,338856,6002821,Sat May 19 05:52:00 IST 2018,12816166,Portugal 2020 Stadium Away,15,69.95,United Kingdom
791826,326067,6163927,Sat Sep 29 07:42:00 IST 2018,13784981,Paris Saint-Germain,6,89.95,United Kingdom
63374,308280,6154115,Wed Sep 19 09:26:00 IST 2018,13886910,Nike Sportswear,15,72.95,United Kingdom
1039803,321069,6172100,Sat Oct 06 07:01:00 IST 2018,13829052,Nike Air Max Bella TR 5,9,74.95,United Kingdom
705825,-1,6214714,Mon Nov 12 11:32:00 IST 2018,12856532,Portugal 2020 Vapor Match Away,3,99.95,United Kingdom
796536,380289,5941892,Mon Mar 19 08:29:00 IST 2018,13916155,Nike Dri-FIT Fast,15,54.95,United Kingdom
362322,274869,6339905,Sat Jan 26 12:28:00 IST 2019,13355893,Nike Dri-FIT Swoosh Luxe,15,24.95,United Kingdom
1043097,298074,6209610,Tue Nov 06 10:42:00 IST 2018,13708473,Nike Air,15,64.95,United Kingdom
657794,313131,6293397,Wed Jan 02 05:20:00 IST 2019,13979881,"Jordan ""Air Jordan""",6,99.95,EIRE
336673,-1,6212294,Sun Nov 11 06:29:00 IST 2018,13920161,Nike Sportswear Icon Clash,3,37.95,United Kingdom
999116,-1,6146547,Sat Sep 15 06:23:00 IST 2018,13696440,Nike Sportswear Club Fleece,15,33.95,United Kingdom
832396,306726,6331314,Tue Jan 22 07:37:00 IST 2019,13093880,Nike Dri-FIT Rise 365,6,44.95,United Kingdom
234777,-1,5960097,Wed Apr 04 13:05:00 IST 2018,13831078,Jordan Flight Club '91,15,44.95,United Kingdom
866014,354333,6186191,Tue Oct 16 11:33:00 IST 2018,13697180,Kyrie,15,154.95,United Kingdom
938008,-1,6071967,Tue Jul 17 11:47:00 IST 2018,13918397,Nike Sportswear Tech Fleece,3,69.95,United Kingdom
284351,-1,6164774,Sat Sep 29 11:56:00 IST 2018,13917515,Jordan Jumpman,15,32.95,United Kingdom
174882,293349,6304430,Tue Jan 08 12:41:00 IST 2019,13020381,Nike Sportswear Tech Fleece,15,74.95,United Kingdom
853005,371826,6160385,Tue Sep 25 09:41:00 IST 2018,14036541,Jordan Flight MVP Jumpman,15,72.95,United Kingdom
167996,259602,6390769,Sun Feb 17 11:40:00 IST 2019,13168544,Atlético Madrid,15,64.95,Belgium
181623,317814,6328267,Mon Jan 21 08:26:00 IST 2019,13983769,F.C. Barcelona Strike,15,37.95,United Kingdom
1073785,382851,6014019,Mon May 28 07:36:00 IST 2018,14064808,Tottenham Hotspur 2022/23 Stadium Third,12,74.95,United Kingdom
521720,307566,6081702,Tue Jul 24 06:10:00 IST 2018,14079402,Nike Mercurial Superfly 9 Club IC,15,64.95,Netherlands
980147,-1,5970734,Sun Apr 15 06:56:00 IST 2018,13825123,Nike Sportswear,3,34.95,United Kingdom
1045020,382809,6232897,Mon Nov 26 06:28:00 IST 2018,13013800,Spain Nike (Road) Limited,15,79.95,United Kingdom
839406,279930,6226187,Tue Nov 20 08:27:00 IST 2018,13807742,Nike Epic Luxe,15,79.95,United Kingdom
835883,339906,6347253,Tue Jan 29 08:43:00 IST 2019,14096106,Nike Court Borough Low 2 SE,15,29.95,United Kingdom
1031346,266805,6248616,Wed Dec 05 08:55:00 IST 2018,13833173,Nike,15,16.95,Germany
795498,350973,6345284,Mon Jan 28 11:33:00 IST 2019,13891190,Tottenham Hotspur 2022/23 Stadium Away,15,74.95,United Kingdom
302329,355698,6121324,Fri Aug 24 09:17:00 IST 2018,14027191,NikeCourt Dri-FIT Advantage,9,59.95,United Kingdom
46936,356391,6312955,Sun Jan 13 11:06:00 IST 2019,12752439,Nike Court Borough Low 2,3,34.95,United Kingdom
806530,286524,6252400,Sun Dec 09 06:27:00 IST 2018,14047130,Nike Multiplier,15,11.95,United Kingdom
131869,366471,6210941,Wed Nov 07 07:54:00 IST 2018,12665719,Nike,15,12.95,United Kingdom
305165,362817,5959624,Wed Apr 04 08:37:00 IST 2018,13355501,Nike Sportswear Favourites,12,17.95,United Kingdom
194009,327621,5945181,Wed Mar 21 10:21:00 IST 2018,12896855,Nike x Gyakusou,9,119.95,United Kingdom
771200,303429,6041761,Tue Jun 19 08:16:00 IST 2018,13922185,F.C. Barcelona Strike,3,49.95,United Kingdom
9137,307419,6288711,Sun Dec 30 11:05:00 IST 2018,13891388,Paris Saint-Germain Strike Elite Away,15,99.95,United Kingdom
292378,314181,5926613,Sun Feb 25 07:38:00 IST 2018,14024092,Nike Sportswear Therma-FIT,15,64.95,United Kingdom
603195,277473,6283079,Wed Dec 26 07:42:00 IST 2018,14067257,Boston Celtics Courtside,15,44.95,United Kingdom
995306,309330,6266359,Mon Dec 17 09:47:00 IST 2018,14040931,Nike Dri-FIT One,6,22.95,United Kingdom
954396,367731,6359375,Mon Feb 04 06:31:00 IST 2019,13710149,Nike Dri-FIT One,15,54.95,United Kingdom
375260,355530,6261475,Fri Dec 14 10:25:00 IST 2018,13840199,Nike Waffle One,9,47.95,United Kingdom
449406,-1,6182264,Sat Oct 13 12:07:00 IST 2018,13847164,Spain (Road),3,59.95,United Kingdom
694094,300111,6393530,Tue Feb 19 06:24:00 IST 2019,13917147,Nike Sportswear Premium Essentials,15,32.95,United Kingdom
985758,382725,6345966,Tue Jan 29 05:33:00 IST 2019,14084606,Nike Sportswear Phoenix Fleece,15,54.95,United Kingdom
591270,361998,6150408,Mon Sep 17 08:39:00 IST 2018,13829056,Nike Air Force 1 React,3,114.95,United Kingdom
690277,312249,6380484,Tue Feb 12 08:36:00 IST 2019,13920833,Nike Brasilia JDI,15,17.95,United Kingdom
915477,363090,6361377,Mon Feb 04 11:53:00 IST 2019,14096002,Nike Air Max Dawn,6,49.95,United Kingdom
507758,-1,6361784,Tue Feb 05 05:21:00 IST 2019,13922114,England,3,64.95,United Kingdom
41713,276843,6213361,Sun Nov 11 12:53:00 IST 2018,13913968,Nike Dri-FIT ADV Ace,15,72.95,United Kingdom
208710,-1,5923764,Sat Feb 24 05:35:00 IST 2018,14039177,Nike Sportswear Therma-FIT Legacy,15,99.95,United Kingdom
163311,330099,6216419,Tue Nov 13 08:41:00 IST 2018,14021493,Nike Sportswear Favourites,15,27.95,United Kingdom
796701,319074,5931640,Tue Feb 27 09:15:00 IST 2018,12936519,France Jordan Spotlight,15,59.95,United Kingdom
124864,324450,6330357,Mon Jan 21 13:11:00 IST 2019,13727063,Nike Air,12,49.95,United Kingdom
268553,315483,5956379,Sun Apr 01 09:38:00 IST 2018,13167481,Nike Air Zoom Pegasus 38,12,109.95,United Kingdom
919562,363615,6206101,Sun Nov 04 12:16:00 IST 2018,13913918,NikeCourt Dri-FIT ADV Rafa,6,72.95,United Kingdom
1020153,305067,5929022,Mon Feb 26 08:30:00 IST 2018,13933001,Nike Air Max,3,54.95,United Kingdom
1062887,325794,6365337,Tue Feb 05 13:10:00 IST 2019,13919826,Liverpool F.C. Swoosh,6,19.95,United Kingdom
786995,334110,5993207,Tue May 08 06:29:00 IST 2018,13922359,Liverpool F.C. Strike,9,37.95,United Kingdom
359223,341943,6085134,Fri Jul 27 09:37:00 IST 2018,13978005,Nike Yoga Dri-FIT,9,59.95,United Kingdom
36025,-1,6055181,Sat Jun 30 09:52:00 IST 2018,13840131,Nike Air Max 270,6,49.95,United Kingdom
576306,261471,6266183,Mon Dec 17 08:52:00 IST 2018,14045184,Nike Sportswear Air,6,64.95,Switzerland
40150,299250,6383366,Wed Feb 13 10:29:00 IST 2019,14084462,Nike Sportswear Phoenix Fleece,15,44.95,United Kingdom
1089627,293076,6010664,Fri May 25 08:51:00 IST 2018,14066968,Brooklyn Nets Courtside,6,72.95,United Kingdom
674851,357315,6259000,Tue Dec 11 13:36:00 IST 2018,13667455,F.C. Barcelona SNKR Sox,15,10.95,United Kingdom
1061818,321321,6291340,Tue Jan 01 05:57:00 IST 2019,13933126,Jordan Series .05,12,74.95,United Kingdom
154972,315441,6150199,Mon Sep 17 07:52:00 IST 2018,13671705,NOCTA,6,44.95,United Kingdom
48572,285411,6092471,Tue Jul 31 09:58:00 IST 2018,13308657,Eintracht Frankfurt 2021/22 Stadium Home,15,32.95,United Kingdom
580391,268443,6283068,Wed Dec 26 07:42:00 IST 2018,14175065,Jordan,3,27.95,Portugal
807942,277473,6098851,Sun Aug 05 08:22:00 IST 2018,13917158,Nike Goalkeeper Vapor Grip3,15,84.95,United Kingdom
178997,329154,6038703,Sun Jun 17 07:44:00 IST 2018,12816267,FFF 2020 Stadium Away,15,54.95,United Kingdom
562020,262521,5945038,Wed Mar 21 08:28:00 IST 2018,13814945,Nike Sportswear Style Essentials,15,79.95,Germany
196056,303576,6348166,Tue Jan 29 13:18:00 IST 2019,13922365,Chelsea F.C. Strike,3,37.95,United Kingdom
127498,-1,5939538,Tue Mar 06 09:26:00 IST 2018,14094238,Nike ACG Mountain Fly Low SE,15,134.95,United Kingdom
904159,-1,6013216,Sun May 27 10:19:00 IST 2018,14041643,Nike Air Essential,3,32.95,United Kingdom
44984,-1,6298050,Sat Jan 05 13:06:00 IST 2019,13698222,Boston Celtics Courtside,3,72.95,United Kingdom
311021,310968,6154819,Fri Sep 21 08:03:00 IST 2018,14105684,Nike Yoga Dri-FIT,15,39.95,United Kingdom
33241,372225,6016021,Tue May 29 15:47:00 IST 2018,14086294,Nike Air Max Flyknit Racer,15,144.95,United Kingdom
728944,368760,6222359,Sun Nov 18 05:18:00 IST 2018,14038059,Nike Dri-FIT ADV Aura,15,49.95,United Kingdom
71510,336504,6368351,Fri Feb 08 09:26:00 IST 2019,12799402,Nike Air Max 90 LTR,12,86.95,United Kingdom
165995,374661,6335835,Fri Jan 25 10:09:00 IST 2019,13917387,Jordan 23 Engineered,3,114.95,United Kingdom
677977,-1,6324351,Sat Jan 19 13:42:00 IST 2019,13107960,Nike Club Skirt,15,59.95,United Kingdom
1025221,-1,6029837,Sun Jun 10 09:45:00 IST 2018,13823593,Jordan Essentials,9,39.95,United Kingdom
270857,-1,5943872,Tue Mar 20 10:27:00 IST 2018,14104102,Nike Blazer Mid '77,12,54.95,United Kingdom
401461,319074,6247296,Tue Dec 04 14:10:00 IST 2018,14037793,Nike Dri-FIT Trophy,12,22.95,United Kingdom
1006536,267708,6323240,Sat Jan 19 07:41:00 IST 2019,13144791,Nike Futsal Pro,3,32.95,United Kingdom
1034762,296016,6285851,Sat Dec 29 09:31:00 IST 2018,12875210,Netherlands Stadium,15,12.95,United Kingdom
823554,267729,6097630,Sat Aug 04 13:08:00 IST 2018,12924711,Nike,-3,16.95,United Kingdom
192215,-1,5902512,Mon Feb 12 13:06:00 IST 2018,13797888,Nike ACG Karst,6,44.95,United Kingdom
504347,-1,6124932,Sun Aug 26 13:25:00 IST 2018,14086247,Jordan 1 Mid,3,54.95,United Kingdom
468408,-1,5949031,Sun Mar 25 09:16:00 IST 2018,14114131,Nike Waffle One,12,99.95,United Kingdom
330612,298074,6199050,Mon Oct 29 08:50:00 IST 2018,13974823,Nike Mastery,6,34.95,United Kingdom
814902,-1,6345207,Mon Jan 28 11:16:00 IST 2019,13825123,Nike Sportswear,3,34.95,United Kingdom
952287,-1,6170186,Wed Oct 03 05:20:00 IST 2018,13167481,Nike Air Zoom Pegasus 38,3,109.95,United Kingdom
79380,305634,6344569,Mon Jan 28 09:25:00 IST 2019,13832011,Nike Metcon 7 FlyEase,6,114.95,United Kingdom
42939,341754,5902259,Mon Feb 12 11:35:00 IST 2018,13919912,Jordan Dri-FIT Sport BC,3,44.95,United Kingdom
825111,311829,6128298,Tue Aug 28 13:05:00 IST 2018,13987303,Nike React Infinity Run Flyknit 3,15,149.95,United Kingdom
769700,282954,6053652,Fri Jun 29 09:53:00 IST 2018,13192051,Nike Flex Advance,3,37.95,United Kingdom
527293,369537,6078193,Sun Jul 22 07:54:00 IST 2018,13921822,Tottenham Hotspur Strike Elite,15,99.95,United Kingdom
773591,373044,6292253,Tue Jan 01 07:03:00 IST 2019,13887125,Nike Air,15,44.95,United Kingdom
792324,284214,6183639,Mon Oct 15 06:49:00 IST 2018,14078832,Nike Sportswear Everyday Essential,-3,12.95,United Kingdom
492031,-1,6072000,Tue Jul 17 11:56:00 IST 2018,14088861,Jordan 1 Mid,3,59.95,United Kingdom
1085031,262248,6249507,Fri Dec 07 06:34:00 IST 2018,13703267,Brooklyn Nets Courtside,15,124.95,France
189208,333207,5947557,Sat Mar 24 13:18:00 IST 2018,13458649,Nike Dri-FIT (M),15,32.95,United Kingdom
568505,377034,6385676,Fri Feb 15 10:15:00 IST 2019,13816745,Nike Air,15,37.95,United Kingdom
441345,351666,6386996,Sat Feb 16 08:33:00 IST 2019,13824341,Nike Air Huarache,15,109.95,United Kingdom
690001,-1,6079513,Sun Jul 22 11:09:00 IST 2018,13327106,Paris Saint-Germain 2021/22 Stadium Third,6,69.95,United Kingdom
274340,334992,6261398,Fri Dec 14 08:47:00 IST 2018,12766369,Nike Air VaporMax Plus,12,194.95,United Kingdom
1080726,297738,6334328,Wed Jan 23 08:10:00 IST 2019,14079445,Nike Tiempo Legend 9 Academy IC,3,69.95,United Kingdom
812944,261093,6396236,Wed Feb 20 04:48:00 IST 2019,14233329,Nike Sportswear,15,59.95,Norway
386374,263319,5946050,Sat Mar 24 05:11:00 IST 2018,13327096,Inter Milan 2021/22 Stadium Third,9,69.95,Spain
810002,327033,6325374,Sun Jan 20 07:38:00 IST 2019,13718687,Nike,3,19.95,United Kingdom
543455,-1,5955631,Sat Mar 31 13:44:00 IST 2018,14078677,Nike Air,3,79.95,United Kingdom
270327,270228,6013513,Mon May 28 05:38:00 IST 2018,13830345,Nike ACG Air Mada,15,114.95,United Kingdom
913318,355551,5907594,Fri Feb 16 07:40:00 IST 2018,13890815,Liverpool F.C. Strike,6,59.95,United Kingdom
191953,-1,5950945,Tue Mar 27 05:30:00 IST 2018,13307760,Tottenham Hotspur 2021/22 Third,3,44.95,United Kingdom
891123,366450,6213955,Mon Nov 12 08:16:00 IST 2018,14020242,Nike Air Force 1 '07,-3,114.95,United Kingdom
215378,308742,6144996,Tue Sep 11 15:58:00 IST 2018,14104071,Nike,6,27.95,United Kingdom
592332,-1,6147944,Sat Sep 15 12:18:00 IST 2018,13919383,Nike ACG Storm-FIT ADV 'Cascade Rains',6,144.95,United Kingdom
174783,304794,6272684,Fri Dec 21 12:05:00 IST 2018,14039128,Nike Sportswear Club Fleece,3,49.95,United Kingdom
140748,-1,6277590,Sun Dec 23 12:37:00 IST 2018,13808799,Nike Therma-FIT,6,72.95,United Kingdom
705958,374661,6248539,Wed Dec 05 08:38:00 IST 2018,13775674,Nike Dri-FIT Strike,6,49.95,United Kingdom
971654,279657,5929902,Tue Feb 27 05:22:00 IST 2018,13081907,Nike Dri-FIT,15,44.95,United Kingdom
872242,299187,6002722,Fri May 18 11:21:00 IST 2018,13346941,Nike Sportswear,3,59.95,United Kingdom
485939,276906,6183419,Mon Oct 15 05:09:00 IST 2018,13983405,Inter Milan Crest,6,17.95,United Kingdom
1053680,338310,5971878,Sun Apr 15 10:01:00 IST 2018,14021740,Nike Sportswear Tech Fleece,6,94.95,United Kingdom
571862,284655,6094770,Fri Aug 03 07:06:00 IST 2018,13922599,Atlético Madrid,6,54.95,United Kingdom
884281,372981,6322547,Sat Jan 19 06:23:00 IST 2019,13785021,Jordan 'The Shoes',15,32.95,United Kingdom
923265,334719,6026658,Fri Jun 08 12:01:00 IST 2018,13917349,Jordan Brand,15,32.95,United Kingdom
924408,359919,5993064,Tue May 08 05:32:00 IST 2018,13942612,Nike Oneonta,15,64.95,United Kingdom
406729,281778,5929176,Mon Feb 26 09:49:00 IST 2018,13723310,"Nike ACG ""Smith Summit""",15,159.95,United Kingdom
418603,308364,5923467,Fri Feb 23 08:44:00 IST 2018,13919055,Nike SB,6,37.95,United Kingdom
847004,-1,6132500,Sat Sep 01 11:27:00 IST 2018,14161222,Nike Sportswear,3,64.95,United Kingdom
105462,305067,6392254,Mon Feb 18 08:19:00 IST 2019,13833191,Jordan,6,32.95,United Kingdom
300208,-1,6234327,Mon Nov 26 11:54:00 IST 2018,14038595,Nike Premium,3,34.95,United Kingdom
530191,338058,6184981,Mon Oct 15 13:05:00 IST 2018,13838834,Jordan Essentials,15,72.95,United Kingdom
211317,-1,6372267,Sun Feb 10 07:23:00 IST 2019,12969639,FFF Stadium,12,31.95,United Kingdom
902293,298431,6055885,Sun Jul 01 07:19:00 IST 2018,13915166,KD,12,54.95,United Kingdom
825494,295197,5988048,Wed May 02 07:27:00 IST 2018,13167391,NikeCourt Air Zoom Vapor Pro,15,109.95,United Kingdom
1086702,366618,6363566,Tue Feb 05 09:01:00 IST 2019,14281262,Nike (NFL Dallas Cowboys),6,22.95,United Kingdom
704829,310716,5960592,Sat Apr 07 05:52:00 IST 2018,13815335,Nike Sportswear Tech Fleece,12,94.95,United Kingdom
731276,300132,5998729,Mon May 14 04:26:00 IST 2018,13887907,Nike Sportswear,15,69.95,United Kingdom
927165,358848,6119190,Wed Aug 22 05:23:00 IST 2018,12872773,Nike x Gyakusou,12,89.95,United Kingdom
850991,345744,6242302,Sun Dec 02 09:42:00 IST 2018,10032593,Nike Guard Lock,15,6.95,United Kingdom
629452,365484,5932718,Wed Feb 28 06:54:00 IST 2018,13809028,Nike Sportswear,15,49.95,Sweden
531115,-1,5927724,Sun Feb 25 11:56:00 IST 2018,14061033,Nike Air Force 1 Low,3,114.95,United Kingdom
975926,289968,6219609,Fri Nov 16 08:07:00 IST 2018,14039778,Nike Yoga Dri-FIT ADV,15,72.95,United Kingdom
956623,-1,6309963,Sat Jan 12 11:48:00 IST 2019,14163591,Nike Sportswear,6,39.95,United Kingdom
601594,372435,6393068,Mon Feb 18 12:47:00 IST 2019,14084470,Nike Sportswear Phoenix Fleece,15,54.95,United Kingdom
517015,352191,6250178,Fri Dec 07 10:52:00 IST 2018,13907231,Air Jordan,15,89.95,United Kingdom
158311,303492,6224185,Mon Nov 19 07:32:00 IST 2018,13430168,Nike Star Runner 3,6,27.95,United Kingdom
221219,-1,6374588,Sun Feb 10 12:33:00 IST 2019,13706367,Nike Sportswear Therma-FIT Tech Pack,15,179.95,United Kingdom
1076643,-1,5945148,Wed Mar 21 09:55:00 IST 2018,13920564,Nike Sportswear Futura Luxe,3,59.95,United Kingdom
460916,312795,6203241,Fri Nov 02 11:49:00 IST 2018,14042665,Nike Sportswear,15,54.95,United Kingdom
695292,-1,5943872,Tue Mar 20 10:27:00 IST 2018,13145143,F.C. Barcelona,15,54.95,United Kingdom
411069,-1,6277590,Sun Dec 23 12:37:00 IST 2018,14039526,Nike Dri-FIT One,3,37.95,United Kingdom
858159,-1,6314836,Mon Jan 14 11:38:00 IST 2019,13814945,Nike Sportswear Style Essentials,6,79.95,United Kingdom
651285,296016,6360970,Mon Feb 04 09:39:00 IST 2019,13817203,F.C. Barcelona Tech Fleece,15,89.95,United Kingdom
552351,283941,6395455,Tue Feb 19 09:50:00 IST 2019,13422339,Nike Sportswear Collection Essentials,3,54.95,United Kingdom
718579,312123,6332403,Tue Jan 22 11:04:00 IST 2019,13976552,Nike (M),15,74.95,United Kingdom
935077,312795,6307268,Fri Jan 11 10:44:00 IST 2019,13726842,Nike Sportswear Windrunner,15,41.95,United Kingdom
435786,260757,6310216,Sat Jan 12 12:02:00 IST 2019,12835755,Nike Dri-FIT Croatia,15,47.95,Belgium
891055,-1,6152718,Tue Sep 18 12:30:00 IST 2018,14065157,Liverpool F.C. Away Tech Fleece Windrunner,6,109.95,United Kingdom
225998,292551,6001380,Wed May 16 04:43:00 IST 2018,14038288,Nike Brasilia 9.5,15,34.95,United Kingdom
527792,-1,6361784,Tue Feb 05 05:21:00 IST 2019,13922319,England Strike Elite,6,99.95,United Kingdom
121445,-1,5960581,Sat Apr 07 05:41:00 IST 2018,14021769,Nike Sportswear,3,34.95,United Kingdom
757111,285894,6229058,Fri Nov 23 10:05:00 IST 2018,13089798,Nike Park,6,37.95,United Kingdom
23598,358428,6160462,Tue Sep 25 10:46:00 IST 2018,12875210,Netherlands Stadium,15,12.95,United Kingdom
247937,296016,6244216,Mon Dec 03 10:40:00 IST 2018,13977926,Nike Dri-FIT One Icon Clash,3,32.95,United Kingdom
818815,340200,6142092,Sun Sep 09 11:47:00 IST 2018,14105237,Nike Therma-FIT,6,54.95,United Kingdom
881377,277935,6081504,Mon Jul 23 13:13:00 IST 2018,13806864,Nike Dri-FIT Flex Stride,15,54.95,United Kingdom
31192,-1,6108025,Mon Aug 13 13:18:00 IST 2018,14038228,Nike Sportswear Therma-FIT Legacy,15,79.95,United Kingdom
609730,340305,6327112,Mon Jan 21 05:32:00 IST 2019,14065274,Tottenham Hotspur Tech Fleece,15,109.95,United Kingdom
239649,-1,6309435,Sat Jan 12 10:41:00 IST 2019,13913219,Nike Sportswear Circa 72,15,17.95,United Kingdom
395211,-1,6214714,Mon Nov 12 11:32:00 IST 2018,13802967,Nike Sportswear Tech Fleece,3,59.95,United Kingdom
223138,301707,6289107,Mon Dec 31 06:31:00 IST 2018,13348234,Nike Waffle Trainer 2,15,79.95,United Kingdom
928442,337974,6370496,Sat Feb 09 08:45:00 IST 2019,13886810,Nike Sportswear Essential,3,37.95,United Kingdom
323021,-1,6071967,Tue Jul 17 11:47:00 IST 2018,12852902,Nike Pro,3,24.95,United Kingdom
760665,355341,6272706,Fri Dec 21 12:22:00 IST 2018,13270653,Nike Lahar Low,6,114.95,United Kingdom
767626,293643,6229520,Sat Nov 24 07:41:00 IST 2018,13983750,Nike Sportswear,15,27.95,United Kingdom
863160,268443,6393002,Mon Feb 18 11:56:00 IST 2019,14040531,Nike SB,6,64.95,Portugal
372661,-1,6079447,Sun Jul 22 11:07:00 IST 2018,13689221,Nike Dri-FIT Swoosh,3,29.95,United Kingdom
168240,310149,6391231,Mon Feb 18 06:24:00 IST 2019,13920796,Paris Saint-Germain Strike,6,24.95,United Kingdom
1019851,293349,6347781,Tue Jan 29 10:56:00 IST 2019,13914854,Nike Dri-FIT,15,64.95,United Kingdom
269802,310149,6239013,Fri Nov 30 11:32:00 IST 2018,13043943,Nike Yoga,6,59.95,United Kingdom
717262,321258,6372069,Sun Feb 10 06:23:00 IST 2019,14104081,Nike,15,44.95,United Kingdom
750249,288855,6355162,Sat Feb 02 09:41:00 IST 2019,12949027,France Jordan Dri-FIT,12,32.95,United Kingdom
100360,330099,5974221,Tue Apr 17 08:44:00 IST 2018,13890817,Liverpool F.C. Strike,9,32.95,United Kingdom
956121,302946,5968897,Sat Apr 14 05:51:00 IST 2018,13491454,Nike Air,12,17.95,United Kingdom
422507,366912,5981932,Fri Apr 27 10:40:00 IST 2018,14072094,Jordan Sport Essentials,3,34.95,United Kingdom
515917,-1,6033742,Tue Jun 12 12:43:00 IST 2018,13886824,F.C. Barcelona Academy Pro,3,74.95,United Kingdom
459830,380856,5961439,Sat Apr 07 08:08:00 IST 2018,13168550,F.C. Barcelona Strike,15,31.95,United Kingdom
71686,261597,6052068,Tue Jun 26 14:57:00 IST 2018,14086372,Nike Air Max Terrascape Plus,15,164.95,Switzerland
630754,351309,6217178,Tue Nov 13 12:18:00 IST 2018,13346698,Nike Crater Impact,6,44.95,United Kingdom
412339,356643,6219477,Fri Nov 16 07:00:00 IST 2018,13711149,Nike Air,15,49.95,United Kingdom
937712,-1,6288854,Sun Dec 30 13:00:00 IST 2018,13917172,Nike SB,3,49.95,United Kingdom
513241,382935,6256580,Tue Dec 11 04:27:00 IST 2018,13071617,Nike Phantom GT Elite By You,15,249.95,United Kingdom
869554,306726,6037570,Sat Jun 16 10:41:00 IST 2018,13807705,Nike One Luxe,3,69.95,United Kingdom
210754,280140,6005054,Sun May 20 07:39:00 IST 2018,14105476,Nike Therma-FIT Starting 5,15,44.95,United Kingdom
894311,374661,5902127,Mon Feb 12 10:41:00 IST 2018,13975706,Zion,6,59.95,United Kingdom
1027894,260925,6247219,Tue Dec 04 13:31:00 IST 2018,12872837,Nike x Gyakusou,15,259.95,Portugal
747062,331149,5945258,Wed Mar 21 10:53:00 IST 2018,13818575,Liverpool F.C.,15,27.95,United Kingdom
542848,373926,6370848,Sat Feb 09 10:12:00 IST 2019,13912682,Nike Sportswear Heritage86,15,22.95,United Kingdom
409896,281841,6307235,Fri Jan 11 10:21:00 IST 2019,14078332,Jordan Dri-FIT Sport,15,49.95,United Kingdom
753953,334110,6267690,Tue Dec 18 07:42:00 IST 2018,14096197,Nike Air Force 1 LV8,6,79.95,United Kingdom
855611,300993,6269725,Tue Dec 18 15:25:00 IST 2018,13917690,Paris Saint-Germain,-9,79.95,United Kingdom
491460,273273,6395587,Tue Feb 19 11:01:00 IST 2019,13365521,Nike Air Force 1 '07 Next Nature,15,109.95,United Kingdom
883197,333207,6348045,Tue Jan 29 12:39:00 IST 2019,13891129,Paris Saint-Germain Strike Away,6,49.95,United Kingdom
331642,337323,6024590,Tue Jun 05 10:56:00 IST 2018,13928735,Paris Saint-Germain,12,64.95,United Kingdom
166735,-1,6087257,Sat Jul 28 12:33:00 IST 2018,13426614,Nike Power,6,44.95,United Kingdom
911783,-1,6224240,Mon Nov 19 08:02:00 IST 2018,13890725,Liverpool F.C. Club Fleece,6,54.95,United Kingdom
620739,313824,6073474,Wed Jul 18 07:50:00 IST 2018,13920309,Nike Dri-FIT,15,17.95,United Kingdom
855719,-1,5911774,Sat Feb 17 12:57:00 IST 2018,14039526,Nike Dri-FIT One,9,37.95,United Kingdom
654885,282471,6188138,Wed Oct 17 12:43:00 IST 2018,13003201,Nike,15,39.95,United Kingdom
1009324,-1,6189887,Sat Oct 20 11:42:00 IST 2018,13917712,Jordan Brand,3,32.95,United Kingdom
1071964,325563,5922048,Fri Feb 23 06:57:00 IST 2018,12741786,Nike Sportswear Tech Fleece,3,42.95,United Kingdom
241759,380016,6370485,Sat Feb 09 08:44:00 IST 2019,14045319,Nike Sportswear Air,15,72.95,United Kingdom
321144,279321,6066720,Fri Jul 13 07:55:00 IST 2018,13460836,Nike Dri-FIT Swoosh (M),9,39.95,United Kingdom
1033525,303576,6331413,Tue Jan 22 07:55:00 IST 2019,13906747,Kaizer Chiefs F.C. 2022/23 Stadium Home,3,74.95,United Kingdom
336929,-1,6377547,Mon Feb 11 11:13:00 IST 2019,13432075,Nike Therma-FIT Victory,3,64.95,United Kingdom
587747,281568,6026625,Fri Jun 08 11:40:00 IST 2018,13917161,Nike Sportswear Style Essentials,15,79.95,United Kingdom
502370,336693,6264753,Sun Dec 16 10:41:00 IST 2018,14281266,Nike (NFL Green Bay Packers),3,22.95,United Kingdom
856011,347529,5945841,Fri Mar 23 10:03:00 IST 2018,13719195,Jordan Essentials,3,72.95,United Kingdom
1028983,286755,6199226,Mon Oct 29 10:25:00 IST 2018,13422346,Nike Sportswear Collection Essentials,15,54.95,United Kingdom
460418,357399,6022335,Mon Jun 04 07:16:00 IST 2018,13700122,Nike Air Zoom Victory,15,164.95,United Kingdom
542401,329595,6016065,Wed May 30 04:31:00 IST 2018,13798644,Nike Everyday Plus Cushioned,15,12.95,United Kingdom
1039738,267708,6126010,Mon Aug 27 09:25:00 IST 2018,13785235,Jordan Flight Heritage,3,109.95,United Kingdom
483774,336315,6294376,Wed Jan 02 08:56:00 IST 2019,13708323,Nike Sportswear Style Essentials+,15,99.95,United Kingdom
1026553,367731,5941936,Mon Mar 19 08:40:00 IST 2018,14040840,Nike Dri-FIT Performance Select,15,44.95,United Kingdom
610550,340368,5992756,Mon May 07 09:37:00 IST 2018,14039828,Nike Heritage,3,29.95,United Kingdom
504443,373590,6272574,Fri Dec 21 10:22:00 IST 2018,14055764,Nike Dri-FIT Tour,15,89.95,United Kingdom
282335,273483,6268944,Tue Dec 18 12:27:00 IST 2018,13882760,Chelsea F.C.,15,49.95,United Kingdom
86336,280434,6257878,Tue Dec 11 09:17:00 IST 2018,13138289,Nike SB,6,19.95,United Kingdom
1083556,355551,5907594,Fri Feb 16 07:40:00 IST 2018,14052863,Brooklyn Nets Mantra,6,27.95,United Kingdom
1044448,296016,6285851,Sat Dec 29 09:31:00 IST 2018,14028170,Nike React Infinity Run Flyknit 3 By You,3,169.95,United Kingdom
595953,370083,6323196,Sat Jan 19 07:32:00 IST 2019,14061250,Nike Sportswear,15,74.95,United Kingdom
194228,277830,6387645,Sat Feb 16 12:03:00 IST 2019,13922315,England Academy Pro,3,44.95,United Kingdom
124708,282471,6336770,Fri Jan 25 11:58:00 IST 2019,13082112,Nike Pro Dri-FIT,6,37.95,United Kingdom
544072,377874,6109543,Wed Aug 15 05:50:00 IST 2018,14064895,Liverpool F.C. 2022/23 Stadium Away,3,32.95,United Kingdom
600097,356160,6312130,Sun Jan 13 07:35:00 IST 2019,13977086,Nike Dri-FIT Stride,15,49.95,United Kingdom
56292,297276,6053322,Fri Jun 29 06:17:00 IST 2018,13816612,Nike Sportswear,9,69.95,EIRE
805159,372099,6206112,Sun Nov 04 12:36:00 IST 2018,1009283651,Nike Dunk Low Unlocked By You,12,134.95,United Kingdom
836190,-1,6170318,Wed Oct 03 07:16:00 IST 2018,14247810,Jordan,3,37.95,United Kingdom
1070748,366681,6346021,Tue Jan 29 06:01:00 IST 2019,13917662,Jordan Essentials '85,3,34.95,United Kingdom
1050368,-1,6242577,Sun Dec 02 10:46:00 IST 2018,13922359,Liverpool F.C. Strike,6,37.95,United Kingdom
393657,-1,6213207,Sun Nov 11 08:40:00 IST 2018,12999347,Nike Air,3,19.95,United Kingdom
311059,371217,6238881,Fri Nov 30 08:42:00 IST 2018,13915072,The Nike Polo,15,64.95,United Kingdom
968671,329301,6355107,Sat Feb 02 09:25:00 IST 2019,13710490,Jordan Essentials,-54,199.95,United Kingdom
184867,367269,6277645,Mon Dec 24 04:56:00 IST 2018,13355289,Nike Impossibly Light,15,84.95,United Kingdom
924664,273315,6103196,Tue Aug 07 12:25:00 IST 2018,13978677,Nike One Luxe Dri-FIT,3,44.95,United Kingdom
1056281,329427,6378889,Tue Feb 12 04:33:00 IST 2019,13843992,Nike Air Max 270,15,86.95,United Kingdom
282035,295029,6095661,Sat Aug 04 07:07:00 IST 2018,13904106,Chicago Bulls,15,54.95,United Kingdom
917293,294798,6086916,Sat Jul 28 10:05:00 IST 2018,12796546,Croatia,15,67.95,United Kingdom
291136,305067,6033071,Tue Jun 12 08:08:00 IST 2018,13914007,NikeCourt Dri-FIT Advantage,3,49.95,United Kingdom
725495,-1,5924226,Sat Feb 24 07:21:00 IST 2018,13491457,Nike Sportswear,3,12.95,United Kingdom
367783,-1,6157976,Sun Sep 23 12:11:00 IST 2018,13709928,Nike Dri-FIT Swoosh Run,3,32.95,United Kingdom
379740,353661,6172617,Sat Oct 06 09:06:00 IST 2018,14084050,NikeCourt Zoom Lite 3,15,54.95,United Kingdom
255370,-1,5918781,Tue Feb 20 10:09:00 IST 2018,14247717,Jordan,3,37.95,United Kingdom
366837,-1,6124932,Sun Aug 26 13:25:00 IST 2018,14085754,Nike Sportswear,15,74.95,United Kingdom
623412,332346,6083660,Wed Jul 25 06:44:00 IST 2018,14036153,Jordan 23 Engineered,15,39.95,United Kingdom
560212,273588,6299568,Sun Jan 06 10:09:00 IST 2019,13815227,Nike Sportswear Sport Essentials,15,59.95,United Kingdom
688577,369873,5976223,Sat Apr 21 07:20:00 IST 2018,13846957,Brooklyn Nets,15,24.95,United Kingdom
372489,306726,6189139,Sat Oct 20 09:11:00 IST 2018,13503651,Nike Sportswear,3,49.95,United Kingdom
463381,316218,6045138,Fri Jun 22 09:21:00 IST 2018,13813256,Nike Pro Therma-FIT,3,44.95,United Kingdom
50609,-1,6386732,Sat Feb 16 07:58:00 IST 2019,13478802,Galatasaray Goalkeeper,6,49.95,United Kingdom
396565,267708,6366613,Wed Feb 06 07:58:00 IST 2019,13089474,Nike Dri-FIT Academy,3,16.95,United Kingdom
34030,279720,6077995,Sun Jul 22 06:30:00 IST 2018,13807914,Nike Dri-FIT DNA,15,37.95,United Kingdom
162965,304542,6261519,Fri Dec 14 10:56:00 IST 2018,13308212,F.C. Barcelona Strike,6,37.95,United Kingdom
690493,303303,5973308,Mon Apr 16 11:09:00 IST 2018,13922009,Chelsea F.C. Academy Pro,15,74.95,United Kingdom
719177,322959,5958436,Tue Apr 03 10:01:00 IST 2018,13027373,Nike Force 1,15,49.95,United Kingdom
224426,331884,6223569,Sun Nov 18 11:14:00 IST 2018,13815035,Nike Dri-FIT Vapor,15,64.95,United Kingdom
593033,272370,6383355,Wed Feb 13 10:26:00 IST 2019,13917502,Jordan Sport DNA '85,3,44.95,United Kingdom
604434,-1,6342787,Sun Jan 27 12:57:00 IST 2019,13823580,Paris Saint-Germain Anthem,3,134.95,United Kingdom
826738,330099,6098136,Sun Aug 05 07:31:00 IST 2018,13697551,Nike Dri-FIT Lil' Penny,6,89.95,United Kingdom
880602,-1,6384037,Wed Feb 13 12:39:00 IST 2019,14037607,Nike Solo Swoosh,15,74.95,United Kingdom
5214,358932,6293331,Tue Jan 01 15:51:00 IST 2019,12944382,Nike Sportswear Tech Fleece,15,74.95,United Kingdom
34607,374661,6087290,Sat Jul 28 12:41:00 IST 2018,13258563,Jordan Dri-FIT Zion,6,112.95,United Kingdom
185818,-1,6393387,Tue Feb 19 05:20:00 IST 2019,13938856,Nike Renew Elevate 3,15,72.95,United Kingdom
748463,260820,6270000,Wed Dec 19 04:55:00 IST 2018,13829076,Nike Air,15,44.95,Cyprus
458941,316638,6148109,Sun Sep 16 05:56:00 IST 2018,14036666,Jordan Essentials,15,204.95,United Kingdom
928076,309372,5998179,Sun May 13 07:55:00 IST 2018,13524498,Nike Sportswear,6,59.95,United Kingdom
383994,313131,6224427,Mon Nov 19 10:13:00 IST 2018,13423736,Nike Sportswear Collection Essentials,6,49.95,EIRE
349568,290115,6132126,Sat Sep 01 09:08:00 IST 2018,13809390,Nike Air Essentials,15,24.95,Germany
388304,-1,6225109,Mon Nov 19 12:48:00 IST 2018,13800973,Nike Sportswear,15,19.95,United Kingdom
951215,296016,6371156,Sat Feb 09 11:54:00 IST 2019,13785227,Jordan Flight Heritage '85,6,49.95,United Kingdom
925155,357567,5964596,Mon Apr 09 10:19:00 IST 2018,1009283627,Nike Dunk Low Unlocked By You,3,134.95,United Kingdom
643193,302568,6133820,Sun Sep 02 09:58:00 IST 2018,13923587,UEFA Women's EURO 2022 Nike Flight,6,119.95,United Kingdom
1053864,-1,6244370,Mon Dec 03 11:32:00 IST 2018,13807036,Nike Pro Dri-FIT Vent Max,3,59.95,United Kingdom
373236,267708,6314275,Mon Jan 14 08:26:00 IST 2019,14086295,Nike Air Max Flyknit Racer,3,144.95,United Kingdom
164167,364875,6099599,Sun Aug 05 11:45:00 IST 2018,1007342481,Nike Sportswear Phoenix Fleece,15,69.95,United Kingdom
939654,351225,5980029,Tue Apr 24 12:52:00 IST 2018,14088720,LeBron Nike Dri-FIT,15,32.95,United Kingdom
156366,277368,6049439,Mon Jun 25 08:57:00 IST 2018,14101840,Nike Crater Impact SE,15,104.95,United Kingdom
629619,331905,5919892,Wed Feb 21 05:33:00 IST 2018,13832766,Nike Sportswear,15,29.95,United Kingdom
291091,350112,6075564,Sat Jul 21 05:46:00 IST 2018,14064971,Liverpool F.C. Strike,15,32.95,United Kingdom
131891,-1,6272057,Wed Dec 19 11:09:00 IST 2018,13842512,Jordan,3,44.95,United Kingdom
160566,273777,6070427,Mon Jul 16 11:33:00 IST 2018,13835840,LeBron 19,15,169.95,United Kingdom
435809,367206,6022654,Mon Jun 04 10:00:00 IST 2018,13975073,Nike Star Runner 3,15,22.95,United Kingdom
623070,309855,6339982,Sat Jan 26 13:11:00 IST 2019,13634405,Chicago Bulls Spotlight,15,54.95,United Kingdom
20516,313131,6130498,Fri Aug 31 12:11:00 IST 2018,14036179,Jordan Artist Series by Jacob Rochester,6,39.95,EIRE
361644,-1,6004867,Sat May 19 13:22:00 IST 2018,12929645,Nike Juniper Trail,3,72.95,United Kingdom
678235,351246,6336583,Fri Jan 25 10:53:00 IST 2019,13713128,Nike Dri-FIT One Icon Clash,12,54.95,United Kingdom
24642,355278,6272200,Wed Dec 19 12:03:00 IST 2018,13225455,Liverpool F.C. 2021/22 Goalkeeper,12,49.95,United Kingdom
827971,-1,6219356,Wed Nov 14 12:39:00 IST 2018,12964557,Luka Dončić Mavericks Icon Edition 2020,3,79.95,United Kingdom
332210,-1,6381265,Tue Feb 12 12:22:00 IST 2019,13848051,Nike x Billie Eilish Air Force 1 High '07,6,152.95,United Kingdom
81229,-1,6298083,Sat Jan 05 13:09:00 IST 2019,13932635,44mm White/Multi-Colour,3,49.0,United Kingdom
220142,326151,6330401,Mon Jan 21 13:47:00 IST 2019,13831866,NikeCourt Zoom NXT,12,134.95,United Kingdom
1013513,-1,6255876,Mon Dec 10 12:13:00 IST 2018,13808051,Nike Repel,3,104.95,United Kingdom
305505,313131,6204935,Sun Nov 04 05:17:00 IST 2018,12783070,Nike Racing,3,17.95,EIRE
1542,-1,6361817,Tue Feb 05 05:26:00 IST 2019,13355324,Nike Dri-FIT Race,15,27.95,United Kingdom
813073,336693,6173112,Sat Oct 06 09:45:00 IST 2018,13807398,Nike Dri-FIT ADV AeroSwift,9,64.95,United Kingdom
759770,-1,6390813,Sun Feb 17 12:26:00 IST 2019,13168397,Nike Sportswear,9,39.95,United Kingdom
925319,-1,6007496,Mon May 21 12:32:00 IST 2018,13801185,Nike Dunk High By You,3,124.95,United Kingdom
287700,350385,6272541,Fri Dec 21 09:44:00 IST 2018,13829728,Nike Waffle Debut,3,64.95,United Kingdom
657471,-1,5933807,Wed Feb 28 10:54:00 IST 2018,13880296,Nike Solo Swoosh,9,64.95,United Kingdom
515961,357021,6297060,Sat Jan 05 08:54:00 IST 2019,14161182,Nike Sportswear Repeat,15,64.95,United Kingdom
699214,349755,6180900,Fri Oct 12 11:31:00 IST 2018,14036045,Jordan Essentials,15,84.95,United Kingdom
743691,-1,6124943,Sun Aug 26 13:28:00 IST 2018,14105186,Nike Pro Dri-FIT,3,37.95,United Kingdom
28386,331149,5945258,Wed Mar 21 10:53:00 IST 2018,13160041,Nike,15,37.95,United Kingdom
724949,260547,6017671,Fri Jun 01 09:21:00 IST 2018,14094359,Nike Dri-FIT Fast,15,34.95,Belgium
990001,-1,6168492,Mon Oct 01 12:12:00 IST 2018,13815059,Nike Sportswear,3,79.95,United Kingdom
922166,265377,6224515,Mon Nov 19 11:07:00 IST 2018,13384116,Nike Air Zoom Tempo NEXT% FlyEase,15,179.95,France
543156,261996,5982163,Sat Apr 28 06:24:00 IST 2018,14105181,Nike Dri-FIT Starting 5,15,37.95,Germany
361722,303576,6348166,Tue Jan 29 13:18:00 IST 2019,13082318,Nike Yoga Dri-FIT,3,54.95,United Kingdom
549616,361620,6342270,Sun Jan 27 09:47:00 IST 2019,13925196,Nike Court Naomi Osaka Collection,6,37.95,United Kingdom
952535,-1,6266700,Mon Dec 17 11:56:00 IST 2018,13907078,Jordan x Nina Chanel Abney,3,124.95,United Kingdom
909739,322518,6319731,Wed Jan 16 09:44:00 IST 2019,14038535,Nike Dri-FIT One,15,37.95,United Kingdom
212492,334299,6352203,Fri Feb 01 07:28:00 IST 2019,14081408,Jumpman Two Trey,15,86.95,United Kingdom
875330,267708,6072396,Tue Jul 17 15:16:00 IST 2018,13890940,Chelsea F.C. AWF,3,84.95,United Kingdom
777678,294924,6162860,Fri Sep 28 09:32:00 IST 2018,13816201,Club AmÃ©rica Strike,3,39.95,United Kingdom
615475,337491,6300921,Mon Jan 07 07:14:00 IST 2019,14079744,Nike Jr. Mercurial Vapor 15 Club FG/MG,15,44.95,United Kingdom
805126,313131,6011599,Sat May 26 08:15:00 IST 2018,13828690,Nike ESC,15,359.95,EIRE
642646,-1,5959899,Wed Apr 04 10:59:00 IST 2018,14045345,Nike Sportswear Circa,9,84.95,United Kingdom
682540,324744,5942717,Mon Mar 19 11:56:00 IST 2018,12869198,Korea 2020 Stadium Away,9,15.95,United Kingdom
1059873,-1,6390813,Sun Feb 17 12:26:00 IST 2019,13381089,Jordan Dri-FIT Air,9,79.95,United Kingdom
75425,336147,6121214,Fri Aug 24 08:01:00 IST 2018,13922226,F.C. Barcelona Strike,6,39.95,United Kingdom
465111,-1,6334625,Wed Jan 23 09:06:00 IST 2019,13974861,Nike Performance Cart,3,264.95,United Kingdom
414322,-1,6175059,Sun Oct 07 12:21:00 IST 2018,13991909,Jordan Essentials,3,72.95,United Kingdom
160847,291480,6231335,Sun Nov 25 05:49:00 IST 2018,13145408,Atlético Madrid 2021/22 Match Home,6,104.95,United Kingdom
736821,362964,6054279,Sat Jun 30 07:53:00 IST 2018,14020334,Nike Sportswear,9,59.95,United Kingdom
504208,-1,6152707,Tue Sep 18 12:27:00 IST 2018,14101920,Nike Pro Dri-FIT,3,37.95,United Kingdom
962605,309099,6121962,Sat Aug 25 08:52:00 IST 2018,13891388,Paris Saint-Germain Strike Elite Away,9,99.95,United Kingdom
766973,356559,6290141,Mon Dec 31 08:01:00 IST 2018,13815403,Nike Sportswear Storm-FIT ADV,12,224.95,United Kingdom
222801,345114,5981844,Fri Apr 27 08:17:00 IST 2018,13811685,Nike Dri-FIT One,15,24.95,United Kingdom
881791,263907,6095067,Fri Aug 03 09:01:00 IST 2018,13887000,Nike Sportswear,15,64.95,France
293071,-1,6025668,Wed Jun 06 08:00:00 IST 2018,13308212,F.C. Barcelona Strike,3,37.95,United Kingdom
849333,-1,5905482,Wed Feb 14 07:13:00 IST 2018,14009582,Tottenham Hotspur 2022/23 Stadium Goalkeeper,12,74.95,United Kingdom
768922,-1,6157822,Sun Sep 23 09:48:00 IST 2018,13886897,Nike Sportswear Essential,3,39.95,United Kingdom
782762,307566,6130608,Sat Sep 01 05:53:00 IST 2018,13891308,Tottenham Hotspur Collection Essentials,3,39.95,Netherlands
957559,296940,6388107,Sun Feb 17 05:05:00 IST 2019,13824285,Nike Renew Run 3,15,79.95,United Kingdom
298491,274869,6156601,Sat Sep 22 11:52:00 IST 2018,13890791,F.C. Barcelona Academy Pro,15,74.95,United Kingdom
677177,302022,6336836,Fri Jan 25 12:18:00 IST 2019,13977303,Nike Dri-FIT Trail Rise 365,3,44.95,United Kingdom
151525,283710,6395433,Tue Feb 19 09:46:00 IST 2019,13922108,Chelsea F.C. Academy Pro,15,32.95,United Kingdom
756430,379365,6384246,Fri Feb 15 06:29:00 IST 2019,13926016,Kevin Durant Nets,15,124.95,United Kingdom
389516,-1,6342787,Sun Jan 27 12:57:00 IST 2019,14079574,Nike Zoom Mercurial Superfly 9 Academy TF,6,84.95,United Kingdom
786972,323631,6336649,Fri Jan 25 11:19:00 IST 2019,13840242,Nike Dynamo Go,6,39.95,United Kingdom
1081609,327915,6047052,Sat Jun 23 12:47:00 IST 2018,13976342,Nike Flex Runner 2,15,28.95,United Kingdom
236540,288057,6283530,Wed Dec 26 10:16:00 IST 2018,13797780,Nike Air Max 97 Unlocked By You,15,199.95,United Kingdom
680494,347550,6114350,Sun Aug 19 09:35:00 IST 2018,13922438,AtlÃ©tico Madrid Strike,15,59.95,United Kingdom
518642,325941,6160869,Tue Sep 25 12:12:00 IST 2018,14085667,Nike Sportswear Phoenix Fleece,15,54.95,United Kingdom
851435,-1,6249485,Wed Dec 05 13:04:00 IST 2018,13382485,Nike Dunk High Retro,3,109.95,United Kingdom
500,-1,5914062,Fri Feb 18 11:33:00 IST 2028,13922599,Atlético Madrid,3,54.95,United Kingdom
715994,266868,6060406,Tue Jul 03 11:52:00 IST 2018,14035926,Jordan Dri-FIT Sport BC,15,54.95,Germany
883216,274869,6053432,Fri Jun 29 07:18:00 IST 2018,12892964,Portugal Strike,15,34.95,United Kingdom
261874,376320,6145700,Wed Sep 12 08:33:00 IST 2018,13808664,Nike Dri-FIT One Luxe,3,29.95,United Kingdom
944074,382725,5977037,Sat Apr 21 10:33:00 IST 2018,13094541,Nike Sportswear Essential,15,34.95,United Kingdom
722461,346731,6016450,Wed May 30 07:24:00 IST 2018,13094172,Nike Pro 365,6,44.95,United Kingdom
182527,312795,6307268,Fri Jan 11 10:44:00 IST 2019,14042773,Nike Dri-FIT,15,22.95,United Kingdom
342830,372099,6099544,Sun Aug 05 11:13:00 IST 2018,14053906,Nike Dri-FIT ADV Tiger Woods,12,74.95,United Kingdom
545918,263319,5965333,Tue Apr 10 07:05:00 IST 2018,12788758,Nike Court Borough Mid 2,9,39.95,Spain
781469,280665,6073639,Wed Jul 18 08:00:00 IST 2018,13914351,NikeCourt Dri-FIT Slam,15,49.95,United Kingdom
500919,304605,6358748,Sun Feb 03 11:45:00 IST 2019,14066968,Brooklyn Nets Courtside,6,72.95,United Kingdom
412466,310149,6239013,Fri Nov 30 11:32:00 IST 2018,13307605,Atlético Madrid,9,74.95,United Kingdom
549399,273987,6154346,Wed Sep 19 09:51:00 IST 2018,12790839,Nike Dri-FIT Victory,-6,32.95,United Kingdom
679044,281442,6186257,Tue Oct 16 11:51:00 IST 2018,13920153,Nike Dri-FIT,15,44.95,United Kingdom
964374,-1,6388030,Sat Feb 16 13:28:00 IST 2019,14043386,Nike Sportswear x Megan Rapinoe,6,37.95,United Kingdom
458499,264537,6014360,Mon May 28 10:00:00 IST 2018,14149589,Jordan,12,39.95,Spain
839881,281001,6325440,Sun Jan 20 07:58:00 IST 2019,12455819,Nike Miler,15,26.95,United Kingdom
747145,322119,6264346,Sun Dec 16 08:51:00 IST 2018,13814327,Nike Sportswear Club Fleece,6,49.95,United Kingdom
